z,k_s_per_km,p1d_kms,e_stat_kms,e_syst_kms,e_total_kms,pfid_kms
2.2000,0.00025000,24.02173025,2.13525580,3.52406485,4.12047939,14.07418500
2.2000,0.00075000,21.25947503,0.30246299,0.99495119,1.03990948,18.93006100
2.2000,0.00125000,21.48195448,0.22697545,0.45417120,0.50772959,20.00477100
2.2000,0.00175000,19.14999011,0.21105058,0.28598936,0.35543250,19.65932100
2.2000,0.00225000,21.71332882,0.20515588,0.22530450,0.30471471,18.98159300
2.2000,0.00275000,20.47246388,0.19475997,0.19325041,0.27436684,18.19523000
2.2000,0.00325000,19.55005833,0.18330732,0.17641007,0.25440535,17.39842300
2.2000,0.00375000,15.55594185,0.17477399,0.16268193,0.23877051,16.62768200
2.2000,0.00425000,14.28379741,0.16771448,0.15444856,0.22799672,15.89615300
2.2000,0.00475000,15.22248634,0.16251055,0.15145221,0.22214286,15.20726600
2.2000,0.00525000,15.77179051,0.15786840,0.14472310,0.21416631,14.56132380
2.2000,0.00575000,16.01830740,0.15351185,0.14214965,0.20921857,13.95587140
2.2000,0.00625000,13.47103192,0.14939917,0.14072589,0.20524105,13.38784330
2.2000,0.00675000,12.16522331,0.14576712,0.14362108,0.20463398,12.85457950
2.2000,0.00725000,12.05862368,0.14271530,0.14054345,0.20030007,12.35323750
2.2000,0.00775000,13.09906373,0.14007609,0.14153978,0.19913518,11.88089410
2.2000,0.00825000,13.65359581,0.13755055,0.64430644,0.65882542,11.43518250
2.2000,0.00875000,11.94486154,0.13515998,0.14862241,0.20089012,11.01398040
2.2000,0.00925000,11.20530566,0.13289699,0.14780511,0.19876609,10.61517810
2.2000,0.00975000,10.26001463,0.13093430,0.15112170,0.19995390,10.23702250
2.2000,0.01025000,9.87944591,0.12927066,0.15403728,0.20109298,9.87797810
2.2000,0.01075000,10.40532369,0.12793067,0.15820996,0.20346166,9.53654990
2.2000,0.01125000,10.15394169,0.12671868,0.16137680,0.20518307,9.21146080
2.2000,0.01175000,8.99333666,0.12541221,0.16534641,0.20752748,8.90161110
2.2000,0.01225000,8.57418912,0.12407518,0.16947917,0.21004247,8.60593940
2.2000,0.01275000,8.06023090,0.12275926,0.17373746,0.21273115,8.32351910
2.2000,0.01325000,8.45856895,0.12147795,0.17809269,0.21557806,8.05352660
2.2000,0.01375000,8.22506621,0.12017363,0.18268535,0.21866788,7.79518150
2.2000,0.01425000,8.15032582,0.11879742,0.18702632,0.22156640,7.54777150
2.2000,0.01475000,7.28278833,0.11764696,0.19145615,0.22471374,7.31070430
2.2000,0.01525000,7.22835335,0.11672915,0.20386086,0.23491476,7.08339640
2.2000,0.01575000,7.12020004,0.11610768,0.20046881,0.23166514,6.86530480
2.2000,0.01625000,6.98715282,0.11574044,0.20547599,0.23583094,6.65594720
2.2000,0.01675000,6.98780151,0.11548873,0.21078589,0.24035045,6.45488490
2.2000,0.01725000,6.90147638,0.11527407,0.21384760,0.24293807,6.26169600
2.2000,0.01775000,6.12067147,0.11510194,0.21854701,0.24700456,6.07601130
2.2000,0.01825000,6.14675848,0.11515957,0.22264819,0.25066699,5.89747770
2.2000,0.01875000,6.18114816,0.11553420,0.22691654,0.25463555,5.72574940
2.2000,0.01925000,5.68459063,0.11601597,0.23108585,0.25857373,5.56053020
2.2000,0.01975000,5.70728393,0.11659284,0.23524756,0.26255533,5.40153830
2.2000,0.02025000,5.23918665,0.11741688,0.23934333,0.26659323,5.24849700
2.2000,0.02075000,5.01527218,0.11846287,0.24337157,0.27067171,5.10115990
2.2000,0.02125000,5.05613477,0.11980908,0.24732805,0.27481881,4.95929570
2.2000,0.02175000,4.91316328,0.12154010,0.25121121,0.27906821,4.82268400
2.2000,0.02225000,4.72000093,0.12357080,0.25737525,0.28550265,4.69111370
2.2000,0.02275000,4.78474086,0.12582741,0.25886727,0.28782773,4.56438570
2.2000,0.02325000,4.60448462,0.12823436,0.26241077,0.29206757,4.44230060
2.2000,0.02375000,4.29605960,0.13086977,0.26599275,0.29644398,4.32469950
2.2000,0.02425000,4.05210618,0.13369324,0.27093579,0.30212594,4.21143600
2.2000,0.02475000,4.54901259,0.13651558,0.27801136,0.30972056,4.10233900
2.2000,0.02525000,4.02471781,0.13941032,0.27628256,0.30946291,3.99723720
2.2000,0.02575000,3.89779126,0.14253915,0.28048782,0.31462807,3.89599210
2.2000,0.02625000,3.59322809,0.14600769,0.28276196,0.31823352,3.79847810
2.2000,0.02675000,3.86038626,0.14984011,0.28655207,0.32336380,3.70457640
2.2000,0.02725000,3.57896846,0.15414352,0.28983085,0.32827146,3.61418780
2.2000,0.02775000,3.71688480,0.15882494,0.29293950,0.33322502,3.52715240
2.2000,0.02825000,3.54698099,0.16409822,0.29507987,0.33763939,3.44328990
2.2000,0.02875000,3.22182199,0.17014839,0.29781326,0.34299156,3.36259170
2.2000,0.02925000,2.99600023,0.17717304,0.30276710,0.35079652,3.28472860
2.2000,0.02975000,3.04049427,0.18388463,0.33122588,0.37884580,3.21199610
2.2000,0.03034939,3.15083176,0.15497282,0.30978001,0.34638162,3.12606610
2.2000,0.03105632,2.92517685,0.16329458,0.30977746,0.35018166,3.02844770
2.2000,0.03177972,3.01882997,0.17414363,0.31325396,0.35840487,2.93555440
2.2000,0.03251996,2.69578025,0.18675501,0.31664453,0.36761555,2.84584160
2.2000,0.03327745,2.30525074,0.20082238,0.31993788,0.37774314,2.75944610
2.2000,0.03405258,2.39865236,0.21753744,0.32312095,0.38952495,2.67664850
2.2000,0.03484577,1.68728359,0.23861093,0.32616639,0.40412831,2.59739280
2.2000,0.03565743,1.93677753,0.26611550,0.32906335,0.42320225,2.52194690
2.2000,0.03648800,1.42367696,0.30036240,0.33182383,0.44757639,2.45113480
2.2000,0.03733791,1.32089005,0.34630891,0.33435761,0.48137810,2.38499470
2.2000,0.03820762,1.51220243,0.38105659,0.33670873,0.50850456,2.32369500
2.2000,0.03909759,0.43632397,0.42017124,0.33892868,0.53983008,2.27074430
2.2000,0.04000829,0.26932950,0.46423987,0.34075609,0.57587618,2.22041270
2.2000,0.04094021,1.15328372,0.51899993,0.34274438,0.62196032,2.19799760
2.2000,0.04189383,-0.14338939,0.60462319,0.34561802,0.69643450,2.20423450
2.2000,0.04286966,0.30312588,0.69797305,0.34818435,0.77999918,2.23013880
2.2000,0.04386822,-0.03769303,0.97514871,0.36168851,1.04006422,2.27266280
2.2000,0.04489004,2.20229756,1.84543485,0.37737213,1.88362404,2.34062520
2.2000,0.04593567,7.07497582,8.70066530,0.39852207,8.70978739,3.02906370
2.2000,0.04700565,327.91516300,331.40263733,4.70442085,331.43602641,24.09702790
2.2000,0.04810055,1.06102513,0.00000000,0.34724394,0.34724394,0.00000000
2.2000,0.04922096,1.00504782,0.00000000,0.34854123,0.34854123,0.00000000
2.2000,0.05036746,0.95135491,0.00000000,0.34968601,0.34968601,0.00000000
2.2000,0.05154067,0.89990161,0.00000000,0.35067584,0.35067584,0.00000000
2.2000,0.05274120,0.85063905,0.00000000,0.35150848,0.35150848,0.00000000
2.4000,0.00025000,11.13993182,2.10571684,4.21210831,4.70912942,15.29523100
2.4000,0.00075000,27.12608231,0.31693591,1.17055389,1.21270144,22.91350300
2.4000,0.00125000,26.06130867,0.25011448,0.49509876,0.55468913,24.29084700
2.4000,0.00175000,23.51988656,0.23645487,0.28343291,0.36911397,23.99686500
2.4000,0.00225000,25.88988060,0.22759951,0.20944018,0.30930038,23.24984100
2.4000,0.00275000,24.61975259,0.21511548,0.18083195,0.28102467,22.35469000
2.4000,0.00325000,23.74186510,0.20414451,0.16219938,0.26073669,21.43027400
2.4000,0.00375000,19.19767727,0.19470028,0.15317475,0.24773111,20.52540600
2.4000,0.00425000,17.50211436,0.18684446,0.14796195,0.23833504,19.65963800
2.4000,0.00475000,18.36429214,0.18052762,0.14509401,0.23160849,18.84000500
2.4000,0.00525000,19.01058886,0.17516297,0.14389023,0.22668583,18.06788800
2.4000,0.00575000,18.94260728,0.17016397,0.15018163,0.22695881,17.34094920
2.4000,0.00625000,16.26904912,0.16517656,0.14517395,0.21990628,16.65653750
2.4000,0.00675000,14.97154712,0.16061634,0.14703850,0.21775659,16.01218570
2.4000,0.00725000,14.76155115,0.15673998,0.14977186,0.21679260,15.40474560
2.4000,0.00775000,16.16602614,0.15335942,0.15316602,0.21674626,14.83095220
2.4000,0.00825000,14.89475523,0.15015205,0.28282451,0.32021140,14.28824330
2.4000,0.00875000,14.82090573,0.14695548,0.66524546,0.68128366,13.77430400
2.4000,0.00925000,13.26509037,0.14387333,0.16649098,0.22004268,13.28678190
2.4000,0.00975000,12.01865945,0.14112778,0.17317104,0.22339486,12.82363930
2.4000,0.01025000,12.17372281,0.13885412,0.17731103,0.22521027,12.38305830
2.4000,0.01075000,12.39099595,0.13678431,0.18312710,0.22857270,11.96341670
2.4000,0.01125000,12.39998539,0.13481836,0.18915038,0.23227970,11.56328130
2.4000,0.01175000,10.90032620,0.13282065,0.19534084,0.23621890,11.18131210
2.4000,0.01225000,10.38368455,0.13086492,0.20258166,0.24117412,10.81624980
2.4000,0.01275000,10.27428031,0.12916565,0.20808043,0.24491066,10.46705460
2.4000,0.01325000,10.25605826,0.12741080,0.21456797,0.24954543,10.13279840
2.4000,0.01375000,9.98797130,0.12572039,0.22110199,0.25434564,9.81252350
2.4000,0.01425000,9.42454548,0.12396935,0.22765999,0.25922475,9.50541540
2.4000,0.01475000,8.97990425,0.12230241,0.23466229,0.26462100,9.21076390
2.4000,0.01525000,8.72318889,0.12103621,0.24153095,0.27016100,8.92789190
2.4000,0.01575000,8.73432757,0.11978631,0.24758907,0.27504383,8.65615830
2.4000,0.01625000,8.24277495,0.11878767,0.25380325,0.28022598,8.39499420
2.4000,0.01675000,8.49604558,0.11782280,0.26025262,0.28568101,8.14387160
2.4000,0.01725000,8.28735905,0.11690246,0.26664747,0.29114783,7.90230980
2.4000,0.01775000,7.58668755,0.11613321,0.27298040,0.29665674,7.66986330
2.4000,0.01825000,7.12407834,0.11554936,0.27924604,0.30220855,7.44608920
2.4000,0.01875000,7.56774518,0.11515667,0.28543848,0.30779243,7.23059820
2.4000,0.01925000,7.31100937,0.11495154,0.29155292,0.31339585,7.02304470
2.4000,0.01975000,6.91507938,0.11469113,0.29758624,0.31892260,6.82308240
2.4000,0.02025000,6.62520372,0.11470845,0.30360454,0.32455160,6.63037390
2.4000,0.02075000,6.47808778,0.11489291,0.30939775,0.33004144,6.44462890
2.4000,0.02125000,6.25185759,0.11529814,0.31518470,0.33561147,6.26557390
2.4000,0.02175000,6.26485072,0.11592173,0.32085585,0.34115440,6.09292980
2.4000,0.02225000,6.19021882,0.11676281,0.32644938,0.34670269,5.92644860
2.4000,0.02275000,6.07138531,0.11767414,0.33195140,0.35219162,5.76589730
2.4000,0.02325000,5.63037453,0.11862434,0.33762439,0.35785746,5.61104450
2.4000,0.02375000,5.71373727,0.11968472,0.34290552,0.36319227,5.46168240
2.4000,0.02425000,5.29723472,0.12090704,0.34790930,0.36831969,5.31760670
2.4000,0.02475000,5.41496639,0.12229938,0.35304742,0.37363032,5.17862250
2.4000,0.02525000,5.21597853,0.12365551,0.35886246,0.37956943,5.04454110
2.4000,0.02575000,5.03509080,0.12504698,0.36306273,0.38399387,4.91520220
2.4000,0.02625000,5.16956719,0.12656606,0.36792938,0.38908996,4.79042210
2.4000,0.02675000,4.73587959,0.12826607,0.37326647,0.39468981,4.67004990
2.4000,0.02725000,4.74486393,0.13019814,0.37742267,0.39924858,4.55394020
2.4000,0.02775000,4.72004218,0.13244633,0.38254663,0.40482583,4.44194420
2.4000,0.02825000,4.48254869,0.13503399,0.38664861,0.40955015,4.33390350
2.4000,0.02875000,4.40226974,0.13776717,0.39105885,0.41461647,4.22976610
2.4000,0.02925000,4.01861682,0.14081266,0.39556324,0.41987913,4.12898090
2.4000,0.02975000,4.02753642,0.14371858,0.40083780,0.42582387,4.03476370
2.4000,0.03034939,4.00736771,0.11929032,0.40486615,0.42207438,3.92282300
2.4000,0.03105632,4.01978094,0.12227508,0.41274083,0.43047205,3.79563020
2.4000,0.03177972,3.72228913,0.12646137,0.41958040,0.43822390,3.67409490
2.4000,0.03251996,3.74164424,0.13150909,0.42259772,0.44258725,3.55619340
2.4000,0.03327745,3.27071325,0.13746030,0.42856381,0.45006918,3.44217830
2.4000,0.03405258,3.49676248,0.14474069,0.43457781,0.45804775,3.33215720
2.4000,0.03484577,3.21951999,0.15355089,0.44065797,0.46664476,3.22623020
2.4000,0.03565743,3.07410812,0.16382077,0.44682823,0.47591251,3.12450800
2.4000,0.03648800,2.87379081,0.17627187,0.45311286,0.48619239,3.02701020
2.4000,0.03733791,2.87473996,0.19105395,0.45955544,0.49768746,2.93394070
2.4000,0.03820762,2.55869399,0.20771344,0.46618985,0.51037030,2.84535560
2.4000,0.03909759,2.20452439,0.22739551,0.47306507,0.52488025,2.76124600
2.4000,0.04000829,2.16697657,0.25045851,0.48033908,0.54171496,2.68294050
2.4000,0.04094021,1.89202691,0.27728526,0.48769242,0.56100892,2.60637340
2.4000,0.04189383,1.58422560,0.30917529,0.49454893,0.58323924,2.53338390
2.4000,0.04286966,1.43432926,0.34565497,0.50273744,0.61010023,2.47574420
2.4000,0.04386822,1.46413218,0.39115631,0.51093532,0.64347351,2.43955260
2.4000,0.04489004,0.72534116,0.45284140,0.51983687,0.68941693,2.42828790
2.4000,0.04593567,2.02415166,0.58755378,0.53208727,0.79267667,2.38916360
2.4000,0.04700565,2.36560699,1.00339992,0.56416466,1.15112691,2.46510530
2.4000,0.04810055,1.90088547,2.65133257,0.53092877,2.70396926,2.81370080
2.4000,0.04922096,-2.30975464,22.58194945,0.55142164,22.58868094,5.93447700
2.4000,0.05036746,1.24141483,0.00000000,0.49157055,0.49157055,0.00000000
2.4000,0.05154067,1.17518742,0.00000000,0.49442503,0.49442503,0.00000000
2.4000,0.05274120,1.11174191,0.00000000,0.49709334,0.49709334,0.00000000
2.6000,0.00025000,22.34706442,2.57890079,5.01986627,5.64356153,18.35496000
2.6000,0.00075000,35.70233242,0.42739451,1.37906132,1.44377151,27.39410100
2.6000,0.00125000,32.07249930,0.34466061,0.56693994,0.66348461,29.26547000
2.6000,0.00175000,29.84589675,0.32804584,0.32014654,0.45837526,29.04773000
2.6000,0.00225000,31.70581591,0.31451469,0.23727594,0.39397888,28.24491400
2.6000,0.00275000,30.02925765,0.30024469,0.20376978,0.36286223,27.23501100
2.6000,0.00325000,28.51710741,0.28626820,0.19141824,0.34436961,26.17118200
2.6000,0.00375000,23.59346780,0.27356017,0.17638820,0.32549649,25.11756000
2.6000,0.00425000,21.74238974,0.26306502,0.16855608,0.31243297,24.10141800
2.6000,0.00475000,22.08104210,0.25429931,0.16391180,0.30254788,23.13373500
2.6000,0.00525000,21.96345427,0.24678002,0.15904757,0.29359242,22.21771900
2.6000,0.00575000,23.04289149,0.23959365,0.15579535,0.28579242,21.35159700
2.6000,0.00625000,19.82161751,0.23246195,0.15320676,0.27840774,20.53350900
2.6000,0.00675000,18.03327439,0.22601208,0.15115580,0.27189987,19.76112730
2.6000,0.00725000,17.71065765,0.22044793,0.14955453,0.26639040,19.03087540
2.6000,0.00775000,19.32528474,0.21550878,0.15099073,0.26313919,18.33939410
2.6000,0.00825000,18.96909088,0.21081232,0.14748212,0.25727964,17.68399650
2.6000,0.00875000,16.52348468,0.20619781,0.14922157,0.25452822,17.06208390
2.6000,0.00925000,17.14604328,0.20167186,0.54633217,0.58236619,16.47096800
2.6000,0.00975000,15.24936391,0.19758801,0.29713518,0.35683376,15.90841510
2.6000,0.01025000,14.59369110,0.19395390,0.14696577,0.24334554,15.37240450
2.6000,0.01075000,15.34910554,0.19072905,0.14746101,0.24108571,14.86109800
2.6000,0.01125000,14.84280940,0.18750736,0.14817109,0.23898469,14.37280960
2.6000,0.01175000,13.49032933,0.18421115,0.14907795,0.23697676,13.90596870
2.6000,0.01225000,12.65396321,0.18103495,0.15016479,0.23520866,13.45920190
2.6000,0.01275000,12.39305211,0.17818577,0.15141620,0.23383120,13.03134980
2.6000,0.01325000,12.16359113,0.17556212,0.15281812,0.23275617,12.62123500
2.6000,0.01375000,12.77423250,0.17309572,0.15435549,0.23192186,12.22777510
2.6000,0.01425000,11.67142963,0.17060298,0.15601649,0.23118504,11.85006870
2.6000,0.01475000,11.26170203,0.16823552,0.15778919,0.23065260,11.48729890
2.6000,0.01525000,10.77479542,0.16608904,0.15965989,0.23038413,11.13860080
2.6000,0.01575000,11.01697582,0.16428562,0.16318087,0.23155509,10.80326920
2.6000,0.01625000,10.40630368,0.16273716,0.16412815,0.23113077,10.48063130
2.6000,0.01675000,10.31590580,0.16109178,0.16575391,0.23113832,10.17009240
2.6000,0.01725000,9.78441831,0.15957046,0.16836034,0.23196538,9.87106050
2.6000,0.01775000,9.34153555,0.15824116,0.17012719,0.23234355,9.58298750
2.6000,0.01825000,9.18412396,0.15706136,0.17238112,0.23320274,9.30538440
2.6000,0.01875000,9.05816081,0.15613135,0.17467097,0.23427963,9.03780560
2.6000,0.01925000,8.97203008,0.15526661,0.17707963,0.23550990,8.77982150
2.6000,0.01975000,8.86762311,0.15456624,0.17933684,0.23675393,8.53099310
2.6000,0.02025000,8.47573400,0.15403507,0.18170201,0.23820668,8.29095710
2.6000,0.02075000,8.06720244,0.15374485,0.18408241,0.23984123,8.05937060
2.6000,0.02125000,7.71254500,0.15361138,0.18647428,0.24159701,7.83588020
2.6000,0.02175000,7.91023681,0.15377517,0.18900942,0.24366240,7.62016340
2.6000,0.02225000,7.33030366,0.15409705,0.19128040,0.24563000,7.41191730
2.6000,0.02275000,7.53232456,0.15462810,0.19368987,0.24784191,7.21087650
2.6000,0.02325000,7.22255165,0.15518549,0.19610022,0.25007565,7.01676450
2.6000,0.02375000,6.74291992,0.15572537,0.19897258,0.25266673,6.82931660
2.6000,0.02425000,7.04327351,0.15637941,0.20091834,0.25460302,6.64829050
2.6000,0.02475000,6.91325045,0.15709964,0.25569241,0.30009816,6.47346410
2.6000,0.02525000,6.46528018,0.15800595,0.20585880,0.25950670,6.30461480
2.6000,0.02575000,6.36698050,0.15907294,0.20837642,0.26215441,6.14153130
2.6000,0.02625000,6.09648899,0.16024829,0.21764330,0.27027415,5.98401190
2.6000,0.02675000,6.35847231,0.16153458,0.21291347,0.26725562,5.83186470
2.6000,0.02725000,5.82898429,0.16288856,0.21530323,0.26997808,5.68492070
2.6000,0.02775000,5.86896640,0.16445484,0.21769088,0.27282726,5.54298960
2.6000,0.02825000,5.70570559,0.16642565,0.22386831,0.27895253,5.40587930
2.6000,0.02875000,5.44938354,0.16876944,0.22320090,0.27982452,5.27349640
2.6000,0.02925000,5.49702269,0.17158256,0.22485472,0.28284310,5.14537550
2.6000,0.02975000,5.26702944,0.17413037,0.23252448,0.29049788,5.02491090
2.6000,0.03034939,4.87838035,0.14384278,0.23101850,0.27214021,4.88195480
2.6000,0.03105632,5.00117182,0.14553496,0.23354547,0.27517978,4.71931560
2.6000,0.03177972,4.80935159,0.14793847,0.23707690,0.27944811,4.56320910
2.6000,0.03251996,4.64258072,0.15099897,0.24199919,0.28524428,4.41138500
2.6000,0.03327745,4.55185417,0.15495899,0.24455504,0.28951590,4.26403630
2.6000,0.03405258,4.11914606,0.16007959,0.24855641,0.29564466,4.12134630
2.6000,0.03484577,3.90626211,0.16659279,0.25278009,0.30273905,3.98338730
2.6000,0.03565743,3.96822850,0.17485123,0.25727129,0.31106506,3.85031830
2.6000,0.03648800,3.93547733,0.18481449,0.26209398,0.32070181,3.72224860
2.6000,0.03733791,3.42286752,0.19663563,0.26731301,0.33184607,3.59926890
2.6000,0.03820762,4.07299372,0.21035812,0.27302322,0.34466247,3.48150510
2.6000,0.03909759,3.44580577,0.22617959,0.27931918,0.35941120,3.36908960
2.6000,0.04000829,3.36825576,0.24427974,0.28625744,0.37631890,3.26180830
2.6000,0.04094021,3.19236086,0.26532283,0.29422499,0.39618752,3.16112280
2.6000,0.04189383,2.50465517,0.29048307,0.30375230,0.42029261,3.06693800
2.6000,0.04286966,2.81831151,0.32028564,0.31387111,0.44843948,2.97663780
2.6000,0.04386822,1.84749523,0.35511284,0.32528057,0.48157302,2.89086330
2.6000,0.04489004,2.06061440,0.39579556,0.33848574,0.52079431,2.81869100
2.6000,0.04593567,1.09309304,0.44352812,0.35613960,0.56881684,2.80281590
2.6000,0.04700565,1.08641278,0.50845897,0.37002810,0.62884920,2.76365190
2.6000,0.04810055,1.20368181,0.62728410,0.38538809,0.73621282,2.75638670
2.6000,0.04922096,1.56603086,0.90135840,0.39385833,0.98365205,2.72859610
2.6000,0.05036746,0.89940568,1.86929491,0.48234742,1.93052389,2.87185260
2.6000,0.05154067,12.97897615,7.66785064,0.80615138,7.71011112,4.13232670
2.6000,0.05274120,3528.38298141,4902.94854878,6.70247533,4902.95313002,83.64696587
2.8000,0.00025000,23.25469938,4.37391273,5.99603324,7.42182776,20.93066000
2.8000,0.00075000,43.19974514,0.56112826,1.61996972,1.71439984,32.41272100
2.8000,0.00125000,38.42067833,0.43896154,0.65953613,0.79225952,34.84594300
2.8000,0.00175000,34.50683309,0.41743600,0.36113021,0.55196725,34.74070100
2.8000,0.00225000,37.90646592,0.40137118,0.26548783,0.48123031,33.89257100
2.8000,0.00275000,35.79039795,0.38124447,0.22850988,0.44448184,32.76870500
2.8000,0.00325000,33.33341436,0.36409844,0.20820637,0.41942529,31.55929200
2.8000,0.00375000,27.25905942,0.34885649,0.19823930,0.40124765,30.34719500
2.8000,0.00425000,25.51226088,0.33592468,0.19331785,0.38757861,29.16865800
2.8000,0.00475000,26.54629990,0.32501771,0.19201703,0.37750106,28.03976400
2.8000,0.00525000,26.76305602,0.31532961,0.19360534,0.37002133,26.96582700
2.8000,0.00575000,26.47300837,0.30612823,0.19756210,0.36434225,25.94625600
2.8000,0.00625000,23.90968739,0.29715216,0.20349183,0.36015043,24.98003900
2.8000,0.00675000,21.57630593,0.28878142,0.21106688,0.35769252,24.06520200
2.8000,0.00725000,20.71444176,0.28138225,0.22000212,0.35717910,23.19781520
2.8000,0.00775000,22.09974610,0.27460643,0.23005620,0.35823811,22.37449050
2.8000,0.00825000,21.56901393,0.26814634,0.24103573,0.36055607,21.59266410
2.8000,0.00875000,20.66179636,0.26175923,0.25276309,0.36387783,20.84925000
2.8000,0.00925000,18.44353577,0.25564078,0.44719359,0.51510612,20.14128910
2.8000,0.00975000,18.48557464,0.25001448,0.42347936,0.49177435,19.46645070
2.8000,0.01025000,17.87748442,0.24500910,0.41889114,0.48528265,18.82237840
2.8000,0.01075000,17.21142565,0.24028178,0.30455904,0.38793239,18.20704040
2.8000,0.01125000,17.64103118,0.23565852,0.31825512,0.39600665,17.61862980
2.8000,0.01175000,16.22361486,0.23108802,0.33210672,0.40459430,17.05525820
2.8000,0.01225000,15.04390711,0.22678101,0.34606235,0.41374965,16.51547000
2.8000,0.01275000,14.41364883,0.22275636,0.36020624,0.42351969,15.99790830
2.8000,0.01325000,14.73626409,0.21905362,0.37411956,0.43353193,15.50117370
2.8000,0.01375000,14.49690430,0.21543165,0.38815157,0.44392841,15.02408190
2.8000,0.01425000,13.96460422,0.21189100,0.40214761,0.45455528,14.56562570
2.8000,0.01475000,12.91510444,0.20849612,0.41608469,0.46539993,14.12479560
2.8000,0.01525000,12.66532617,0.20544776,0.42994319,0.47650805,13.70064200
2.8000,0.01575000,12.15589218,0.20277603,0.44370663,0.48784597,13.29236060
2.8000,0.01625000,12.40618395,0.20031295,0.45744175,0.49937785,12.89918320
2.8000,0.01675000,12.29931262,0.19799208,0.47089097,0.51082205,12.52037460
2.8000,0.01725000,12.02374260,0.19567323,0.48428914,0.52232556,12.15527940
2.8000,0.01775000,10.91438420,0.19343904,0.49782724,0.53408859,11.80325700
2.8000,0.01825000,10.77157280,0.19146049,0.51065274,0.54536533,11.46374840
2.8000,0.01875000,10.87591437,0.18978717,0.52360432,0.55693865,11.13625020
2.8000,0.01925000,10.44325011,0.18827631,0.53639521,0.56847849,10.82019430
2.8000,0.01975000,10.35179061,0.18681567,0.54902054,0.57993417,10.51512950
2.8000,0.02025000,9.81000617,0.18552550,0.56147698,0.59133418,10.22063890
2.8000,0.02075000,9.58311866,0.18439116,0.57403171,0.60291998,9.93628310
2.8000,0.02125000,9.76712021,0.18352780,0.58587285,0.61394580,9.66166090
2.8000,0.02175000,9.19962204,0.18285450,0.59780799,0.62514811,9.39640470
2.8000,0.02225000,9.04912492,0.18237129,0.60956615,0.63626267,9.14017080
2.8000,0.02275000,8.76290723,0.18202256,0.62114654,0.64726751,8.89261040
2.8000,0.02325000,8.32539595,0.18185743,0.63254891,0.65817190,8.65341300
2.8000,0.02375000,8.42321474,0.18161296,0.64406857,0.66918428,8.42226050
2.8000,0.02425000,7.82910109,0.18158689,0.65498194,0.67968753,8.19888340
2.8000,0.02475000,8.18596115,0.18170121,0.66568885,0.69004129,7.98300940
2.8000,0.02525000,8.03573440,0.18191033,0.67646584,0.70049797,7.77434810
2.8000,0.02575000,7.69851990,0.18226183,0.68689856,0.71066800,7.57265770
2.8000,0.02625000,7.99110930,0.18263491,0.69757105,0.72108313,7.37771810
2.8000,0.02675000,7.18977954,0.18307010,0.70856043,0.73182822,7.18928680
2.8000,0.02725000,6.92731148,0.18355861,0.71743565,0.74054553,7.00713030
2.8000,0.02775000,6.88674297,0.18423281,0.73042735,0.75330329,6.83107940
2.8000,0.02825000,6.79468739,0.18521270,0.73718214,0.76009292,6.66086290
2.8000,0.02875000,6.48563419,0.18652672,0.74639558,0.76934945,6.49641110
2.8000,0.02925000,6.26545968,0.18807350,0.75705901,0.78007050,6.33689160
2.8000,0.02975000,6.10249497,0.18934947,0.76578853,0.78885062,6.18755100
2.8000,0.03034939,6.29159070,0.15448546,0.77634748,0.79156880,6.00910930
2.8000,0.03105632,5.88713098,0.15482776,0.78812786,0.80319186,5.80608660
2.8000,0.03177972,5.76939885,0.15624682,0.80051543,0.81562125,5.61116770
2.8000,0.03251996,5.82584391,0.15806089,0.81300004,0.82822238,5.42123060
2.8000,0.03327745,5.63215153,0.16034828,0.82521502,0.84064939,5.23663360
2.8000,0.03405258,5.16138780,0.16306591,0.83837390,0.85408506,5.05749460
2.8000,0.03484577,4.99582857,0.16654083,0.85023245,0.86638967,4.88386900
2.8000,0.03565743,4.77081648,0.17070454,0.86198566,0.87872597,4.71590940
2.8000,0.03648800,4.56981090,0.17593881,0.87402181,0.89155403,4.55367510
2.8000,0.03733791,4.45825729,0.18241989,0.88607973,0.90466253,4.39729380
2.8000,0.03820762,4.33813496,0.19008711,0.89807981,0.91797628,4.24686570
2.8000,0.03909759,4.17692481,0.19947662,0.91002762,0.93163362,4.10247330
2.8000,0.04000829,3.89634827,0.21076708,0.92193633,0.94572161,3.96436150
2.8000,0.04094021,3.31487468,0.22443290,0.93379699,0.96038896,3.83224950
2.8000,0.04189383,3.03054890,0.24104190,0.94559460,0.97583315,3.70641560
2.8000,0.04286966,3.36421425,0.26116109,0.95743533,0.99241499,3.58769300
2.8000,0.04386822,2.85128263,0.28534884,0.96930397,1.01043265,3.47622630
2.8000,0.04489004,3.06952483,0.31350520,0.98119402,1.03006176,3.37019900
2.8000,0.04593567,2.63489181,0.34526510,0.99283659,1.05115769,3.26018850
2.8000,0.04700565,1.84429281,0.38119760,1.00479396,1.07467321,3.16803800
2.8000,0.04810055,1.52614304,0.42529774,1.01745942,1.10277008,3.10371530
2.8000,0.04922096,0.39483363,0.47775121,1.03107818,1.13638393,3.08053150
2.8000,0.05036746,0.65054364,0.56698095,1.04326730,1.18738118,3.04139020
2.8000,0.05154067,1.58275595,0.81062277,1.05221064,1.32825318,2.99012560
2.8000,0.05274120,0.01719054,1.90390219,1.05482142,2.17657800,3.09987320
3.0000,0.00025000,38.90369478,4.30593858,7.21557060,8.40271183,24.33266000
3.0000,0.00075000,51.68124982,0.75329592,1.92442635,2.06660870,37.96447800
3.0000,0.00125000,47.24938385,0.61608859,0.77019919,0.98629202,41.07304300
3.0000,0.00175000,43.56681090,0.58733777,0.41020362,0.71640259,41.12258300
3.0000,0.00225000,45.25843229,0.56590215,0.28580992,0.63398151,40.24537400
3.0000,0.00275000,42.30644003,0.53845174,0.23123863,0.58600476,39.00968700
3.0000,0.00325000,40.04106072,0.51522400,0.20733919,0.55537852,37.64995900
3.0000,0.00375000,34.03400333,0.49449586,0.19546944,0.53172781,36.26973600
3.0000,0.00425000,31.78122370,0.47680044,0.18999502,0.51326091,34.91684600
3.0000,0.00475000,32.36040715,0.46145839,0.18851046,0.49847772,33.61330500
3.0000,0.00525000,32.15939896,0.44770334,0.18982467,0.48628355,32.36704300
3.0000,0.00575000,31.87256217,0.43439121,0.19328807,0.47545347,31.17919700
3.0000,0.00625000,27.93119497,0.42133614,0.19836831,0.46569747,30.05018000
3.0000,0.00675000,26.32868300,0.40911636,0.20491220,0.45756443,28.97804800
3.0000,0.00725000,25.28150554,0.39804345,0.21264633,0.45128378,27.95887600
3.0000,0.00775000,26.73559477,0.38792524,0.22138060,0.44664904,26.98940170
3.0000,0.00825000,25.55407101,0.37827678,0.23096524,0.44321357,26.06695760
3.0000,0.00875000,23.85385137,0.36889311,0.24125442,0.44077865,25.18806670
3.0000,0.00925000,23.18100976,0.35982800,0.25213845,0.43937454,24.34982100
3.0000,0.00975000,20.34594120,0.35148635,0.26350531,0.43929227,23.54948110
3.0000,0.01025000,21.10373877,0.34403437,0.27526855,0.44060461,22.78459530
3.0000,0.01075000,21.80126929,0.33712405,0.29118981,0.44547069,22.05297170
3.0000,0.01125000,20.96966525,0.33029864,0.29968165,0.44598911,21.35225300
3.0000,0.01175000,19.50221704,0.32353890,0.31219957,0.44960648,20.68058430
3.0000,0.01225000,17.94811740,0.31713406,0.32485851,0.45399016,20.03635770
3.0000,0.01275000,18.08397069,0.31128244,0.33761405,0.45921673,19.41795190
3.0000,0.01325000,18.13354723,0.30568020,0.35042845,0.46501665,18.82379760
3.0000,0.01375000,18.09673007,0.30028110,0.36326864,0.47130971,18.25259800
3.0000,0.01425000,16.22454055,0.29499155,0.37610889,0.47799363,17.70323900
3.0000,0.01475000,15.43584346,0.28992142,0.38892603,0.48509575,17.17448770
3.0000,0.01525000,15.65273740,0.28526875,0.40177990,0.49275283,16.66529160
3.0000,0.01575000,15.49731513,0.28092943,0.41440367,0.50065132,16.17474730
3.0000,0.01625000,14.51684219,0.27672347,0.42703321,0.50885483,15.70193580
3.0000,0.01675000,14.78289213,0.27280561,0.43957123,0.51734493,15.24606710
3.0000,0.01725000,14.37497218,0.26913402,0.45200640,0.52606360,14.80632620
3.0000,0.01775000,13.81917301,0.26555463,0.46432889,0.53490241,14.38203690
3.0000,0.01825000,12.50155668,0.26221969,0.47653087,0.54391253,13.97255660
3.0000,0.01875000,13.76494414,0.25919419,0.48860508,0.55309723,13.57721560
3.0000,0.01925000,13.03138730,0.25656864,0.50054497,0.56247021,13.19543060
3.0000,0.01975000,12.01613690,0.25409875,0.51234578,0.57189542,12.82667300
3.0000,0.02025000,11.81569709,0.25181778,0.52400328,0.58137048,12.47043950
3.0000,0.02075000,11.50738510,0.24964989,0.53551393,0.59084705,12.12619430
3.0000,0.02125000,11.61870202,0.24777221,0.54687461,0.60038563,11.79349900
3.0000,0.02175000,11.24326940,0.24621454,0.55808328,0.60998242,11.47194190
3.0000,0.02225000,11.28177121,0.24496227,0.56965345,0.62008997,11.16108770
3.0000,0.02275000,10.79240701,0.24368707,0.58003777,0.62914800,10.86053940
3.0000,0.02325000,10.26748185,0.24232889,0.59078101,0.63854953,10.56993000
3.0000,0.02375000,10.52597232,0.24122824,0.60136732,0.64794576,10.28889810
3.0000,0.02425000,9.83445232,0.24027924,0.61242216,0.65787158,10.01711010
3.0000,0.02475000,9.71035255,0.23945166,0.62206906,0.66656359,9.75425410
3.0000,0.02525000,9.27937811,0.23876754,0.63218469,0.67577173,9.49996590
3.0000,0.02575000,9.72094213,0.23834349,0.64214542,0.68495136,9.25400780
3.0000,0.02625000,9.12212967,0.23816256,0.65205558,0.69418865,9.01609460
3.0000,0.02675000,9.30130283,0.23802756,0.66190330,0.70340109,8.78592440
3.0000,0.02725000,9.12878846,0.23786593,0.67109221,0.71200067,8.56323800
3.0000,0.02775000,8.81800849,0.23776211,0.68068110,0.72101150,8.34783570
3.0000,0.02825000,8.32582205,0.23799205,0.68962749,0.72953841,8.13939760
3.0000,0.02875000,7.73144503,0.23856677,0.69867031,0.73827793,7.93780520
3.0000,0.02925000,8.19236599,0.23932388,0.70777101,0.74713835,7.74220810
3.0000,0.02975000,7.63125504,0.23955945,0.71645748,0.75544692,7.55855200
3.0000,0.03034939,7.23700229,0.19403504,0.72661077,0.75207235,7.33917580
3.0000,0.03105632,7.30929207,0.19286798,0.73849553,0.76326516,7.08942610
3.0000,0.03177972,7.08238163,0.19269924,0.75066071,0.77499968,6.84905080
3.0000,0.03251996,6.71475395,0.19285127,0.76222887,0.78624708,6.61447540
3.0000,0.03327745,6.08913620,0.19353396,0.77405723,0.79788470,6.38602170
3.0000,0.03405258,6.49826974,0.19477630,0.78585975,0.80963779,6.16389720
3.0000,0.03484577,5.94556096,0.19664091,0.79762862,0.82151023,5.94818030
3.0000,0.03565743,6.01852512,0.19910319,0.80945916,0.83358636,5.73898970
3.0000,0.03648800,5.74968500,0.20271921,0.82207383,0.84669975,5.53643540
3.0000,0.03733791,5.68796298,0.20734909,0.83287694,0.85829927,5.34061390
3.0000,0.03820762,5.09600559,0.21302195,0.84428544,0.87074465,5.15161030
3.0000,0.03909759,4.91615294,0.22005394,0.85584183,0.88367923,4.96959190
3.0000,0.04000829,4.78011254,0.22874993,0.86735780,0.89701510,4.79458260
3.0000,0.04094021,4.83290969,0.23967427,0.87884933,0.91094451,4.62682930
3.0000,0.04189383,4.82753804,0.25305668,0.89033325,0.92559763,4.46635740
3.0000,0.04286966,4.17762552,0.26879795,0.90179549,0.94100342,4.31310630
3.0000,0.04386822,3.54053903,0.28703003,0.91326160,0.95730507,4.16721910
3.0000,0.04489004,3.76565387,0.30836797,0.92475932,0.97481824,4.02951030
3.0000,0.04593567,3.49724984,0.33336575,0.93640593,0.99397626,3.90291670
3.0000,0.04700565,3.39882801,0.36234836,0.94806514,1.01495017,3.78169920
3.0000,0.04810055,2.71692930,0.39610727,0.95959607,1.03813563,3.66467640
3.0000,0.04922096,2.56106187,0.43425836,0.97092460,1.06361408,3.54979510
3.0000,0.05036746,1.72031852,0.47913565,0.98318153,1.09371701,3.47395330
3.0000,0.05154067,0.99807710,0.53586513,0.99692263,1.13181543,3.44313470
3.0000,0.05274120,0.75796641,0.63522625,1.01380177,1.19637219,3.56004710
3.2000,0.00025000,43.64770804,6.00704311,8.71964087,10.58851755,27.78717000
3.2000,0.00075000,63.48003747,1.08773966,2.25455532,2.50323736,44.20435600
3.2000,0.00125000,58.52248801,0.89850525,0.87412944,1.25356052,48.11242400
3.2000,0.00175000,52.34274941,0.85719663,0.44609474,0.96632633,48.36288600
3.2000,0.00225000,53.38268575,0.82698408,0.30052187,0.87989549,47.47571200
3.2000,0.00275000,50.34622095,0.78815909,0.24702311,0.82596318,46.13175700
3.2000,0.00325000,47.99521306,0.75574542,0.22407681,0.78826490,44.61593800
3.2000,0.00375000,40.26580019,0.72683711,0.21249625,0.75726273,43.05730900
3.2000,0.00425000,37.74370803,0.70186017,0.20608181,0.73148986,41.51665900
3.2000,0.00475000,37.30815856,0.67970294,0.20259509,0.70925373,40.02323300
3.2000,0.00525000,38.87602558,0.66010533,0.20114540,0.69007139,38.58828500
3.2000,0.00575000,37.89592524,0.64074928,0.20128828,0.67162237,37.21508700
3.2000,0.00625000,34.17362327,0.62192545,0.20281510,0.65415994,35.90567900
3.2000,0.00675000,32.15174649,0.60407664,0.20555000,0.63809042,34.65850900
3.2000,0.00725000,31.31203715,0.58790053,0.20936268,0.62406712,33.46968700
3.2000,0.00775000,30.96899216,0.57273262,0.21416013,0.61146318,32.33641400
3.2000,0.00825000,31.98239689,0.55820060,0.21982766,0.59992675,31.25584090
3.2000,0.00875000,28.81947878,0.54417240,0.22626240,0.58933715,30.22431680
3.2000,0.00925000,27.53783874,0.53027930,0.23336442,0.57935748,29.23853530
3.2000,0.00975000,25.87606768,0.51790260,0.24105064,0.57125171,28.29576400
3.2000,0.01025000,26.02866312,0.50601967,0.24926130,0.56408076,27.39329620
3.2000,0.01075000,24.97876982,0.49482586,0.26462080,0.56113884,26.52860320
3.2000,0.01125000,25.58687461,0.48419688,0.26681782,0.55284570,25.69956320
3.2000,0.01175000,23.24385389,0.47399032,0.27608046,0.54853190,24.90375750
3.2000,0.01225000,21.36239325,0.46420519,0.28558420,0.54501816,24.13948540
3.2000,0.01275000,21.55613002,0.45536917,0.29528206,0.54272698,23.40489050
3.2000,0.01325000,21.15938925,0.44667692,0.30512788,0.54094667,22.69822680
3.2000,0.01375000,20.41241369,0.43829132,0.31509053,0.53979749,22.01822800
3.2000,0.01425000,20.31498288,0.43005416,0.32513356,0.53912745,21.36337090
3.2000,0.01475000,18.50541879,0.42193288,0.33522814,0.53889262,20.73240720
3.2000,0.01525000,17.94733651,0.41453967,0.34535273,0.53954763,20.12419820
3.2000,0.01575000,17.58481743,0.40786961,0.35548541,0.54104297,19.53765650
3.2000,0.01625000,17.62227201,0.40182670,0.36560695,0.54326158,18.97181580
3.2000,0.01675000,18.26977366,0.39592077,0.37570152,0.54580664,18.42565660
3.2000,0.01725000,17.80483388,0.38956084,0.38575422,0.54823714,17.89839380
3.2000,0.01775000,15.78199997,0.38335895,0.39575326,0.55098524,17.38918550
3.2000,0.01825000,16.19360929,0.37756971,0.40568812,0.55420369,16.89727750
3.2000,0.01875000,14.98448304,0.37230602,0.41554930,0.55793637,16.42196670
3.2000,0.01925000,15.66578875,0.36753092,0.42532883,0.56212418,15.96253090
3.2000,0.01975000,14.52034717,0.36326409,0.43502017,0.56674805,15.51845940
3.2000,0.02025000,14.82778231,0.35938859,0.44461734,0.57170336,15.08908310
3.2000,0.02075000,14.54929179,0.35560792,0.47032988,0.58963310,14.67384770
3.2000,0.02125000,13.82661114,0.35203538,0.46350850,0.58203869,14.27224680
3.2000,0.02175000,13.12266937,0.34852914,0.47279470,0.58737330,13.88377050
3.2000,0.02225000,13.67838450,0.34550872,0.48197021,0.59301902,13.50794570
3.2000,0.02275000,12.97703037,0.34277255,0.49103250,0.59883715,13.14427780
3.2000,0.02325000,12.76358720,0.34025426,0.49997989,0.60477504,12.79240970
3.2000,0.02375000,11.94769366,0.33799916,0.50881124,0.61084557,12.45188460
3.2000,0.02425000,11.99631825,0.33593283,0.51752246,0.61699301,12.12231320
3.2000,0.02475000,12.48000105,0.33385268,0.52626636,0.62322860,11.80332170
3.2000,0.02525000,11.48908249,0.33178451,0.53853598,0.63253613,11.49458060
3.2000,0.02575000,11.47731794,0.32995727,0.54294189,0.63534061,11.19572160
3.2000,0.02625000,10.80625050,0.32845413,0.55121327,0.64165270,10.90639520
3.2000,0.02675000,10.76972881,0.32740156,0.55928715,0.64806936,10.62629820
3.2000,0.02725000,10.28610910,0.32663973,0.56727985,0.65459907,10.35513240
3.2000,0.02775000,9.82786307,0.32601873,0.57515291,0.66112713,10.09265540
3.2000,0.02825000,9.73546357,0.32556131,0.58290706,0.66766070,9.83848370
3.2000,0.02875000,10.08306044,0.32529183,0.59054325,0.67420776,9.59249210
3.2000,0.02925000,9.52255589,0.32503068,0.59806246,0.68067881,9.35359140
3.2000,0.02975000,8.95164030,0.32384206,0.60620308,0.68728150,9.12934800
3.2000,0.03034939,9.32756508,0.26079871,0.61418711,0.66726439,8.86088800
3.2000,0.03105632,8.80691557,0.25781262,0.62823472,0.67907747,8.55516260
3.2000,0.03177972,8.13773404,0.25601538,0.63910155,0.68847270,8.26057270
3.2000,0.03251996,8.24514619,0.25451060,0.64451247,0.69294442,7.97278750
3.2000,0.03327745,8.33226849,0.25375575,0.65450662,0.70197642,7.69219650
3.2000,0.03405258,7.25893957,0.25308791,0.66498107,0.71151481,7.41905970
3.2000,0.03484577,7.25733063,0.25262734,0.67690280,0.72250811,7.15342050
3.2000,0.03565743,7.24655655,0.25309540,0.68489356,0.73016195,6.89544890
3.2000,0.03648800,6.65183282,0.25503290,0.69465304,0.73998961,6.64524640
3.2000,0.03733791,6.49435790,0.25778309,0.70463853,0.75031165,6.40296950
3.2000,0.03820762,6.06638069,0.26092084,0.71460304,0.76074778,6.16869620
3.2000,0.03909759,6.29677396,0.26538695,0.72910598,0.77590319,5.94257330
3.2000,0.04000829,5.86156675,0.27176035,0.73448872,0.78315220,5.72464490
3.2000,0.04094021,5.45397476,0.28033855,0.74442432,0.79546041,5.51505070
3.2000,0.04189383,5.44627111,0.29110857,0.75436567,0.80858628,5.31382540
3.2000,0.04286966,5.43636209,0.30351690,0.76434681,0.82240413,5.12120040
3.2000,0.04386822,4.89193617,0.31795135,0.77438414,0.83711639,4.93730020
3.2000,0.04489004,4.46323250,0.33519163,0.78451144,0.85311877,4.76217830
3.2000,0.04593567,4.38276549,0.35631944,0.79472239,0.87094617,4.59507600
3.2000,0.04700565,3.81122619,0.38193750,0.80511133,0.89111195,4.43837250
3.2000,0.04810055,3.60967555,0.41262365,0.81578847,0.91420408,4.29294190
3.2000,0.04922096,3.15670841,0.44847822,0.82683758,0.94063441,4.16096090
3.2000,0.05036746,3.77765393,0.48986468,0.83796935,0.97064929,4.03617390
3.2000,0.05154067,2.57939987,0.53651697,0.84918966,1.00447675,3.91642870
3.2000,0.05274120,1.36720056,0.58846897,0.86848991,1.04908076,4.16529560
3.4000,0.00025000,69.53804264,8.73532584,10.63252862,13.76068975,31.42468000
3.4000,0.00075000,70.76304872,1.60196224,2.66193640,3.10679713,51.00859400
3.4000,0.00125000,68.57955090,1.33145796,1.01742134,1.67568687,55.83674100
3.4000,0.00175000,64.74739435,1.27709669,0.50859714,1.37464432,56.34362900
3.4000,0.00225000,64.33454573,1.23386464,0.34111754,1.28014965,55.47002600
3.4000,0.00275000,62.08643679,1.18042214,0.28199669,1.21363857,54.02457300
3.4000,0.00325000,55.96903632,1.13654586,0.25833991,1.16553679,52.35088100
3.4000,0.00375000,49.54305252,1.09594238,0.24359311,1.12268754,50.60687700
3.4000,0.00425000,46.57091607,1.05917775,0.23469136,1.08486752,48.86831100
3.4000,0.00475000,47.96661680,1.02603309,0.22797159,1.05105421,47.17204700
3.4000,0.00525000,45.83903494,0.99557671,0.22260011,1.02015871,45.53424700
3.4000,0.00575000,44.79947041,0.96585526,0.21813105,0.99018055,43.96113600
3.4000,0.00625000,39.68015364,0.93794795,0.21442505,0.96214576,42.45644700
3.4000,0.00675000,36.73193655,0.91155047,0.21135010,0.93573133,41.01911000
3.4000,0.00725000,35.92238890,0.88740186,0.20885444,0.91164809,39.64549700
3.4000,0.00775000,38.57258658,0.86454585,0.20690130,0.88895875,38.33358100
3.4000,0.00825000,37.07278733,0.84266923,0.20588431,0.86745592,37.08012400
3.4000,0.00875000,34.93091758,0.82163357,0.20449914,0.84670043,35.88128580
3.4000,0.00925000,32.39044326,0.80195732,0.20398958,0.82749459,34.73387440
3.4000,0.00975000,29.18659816,0.78329897,0.20389675,0.80940173,33.63502080
3.4000,0.01025000,30.44098329,0.76623001,0.20419669,0.79297208,32.58176280
3.4000,0.01075000,31.51201180,0.74983946,0.20486555,0.77732175,31.57127700
3.4000,0.01125000,30.35664541,0.73379873,0.20587343,0.76213151,30.60101050
3.4000,0.01175000,27.92985978,0.71792628,0.20719125,0.74722578,29.66870380
3.4000,0.01225000,27.01390616,0.70293206,0.20880579,0.73328939,28.77252160
3.4000,0.01275000,25.32715011,0.68868017,0.21068631,0.72018685,27.91007420
3.4000,0.01325000,25.52957372,0.67575443,0.21280085,0.70846895,27.07968850
3.4000,0.01375000,25.70821908,0.66304515,0.21513406,0.69707355,26.27984010
3.4000,0.01425000,24.30187147,0.65030192,0.21788731,0.68583341,25.50915500
3.4000,0.01475000,23.54891048,0.63811587,0.22038530,0.67510114,24.76584150
3.4000,0.01525000,22.95799101,0.62603719,0.22325358,0.66465383,24.04866050
3.4000,0.01575000,23.18288646,0.61564435,0.22626550,0.65590704,23.35666840
3.4000,0.01625000,21.09913465,0.60528699,0.22939800,0.64729883,22.68842220
3.4000,0.01675000,20.99977234,0.59512044,0.23263983,0.63897545,22.04313970
3.4000,0.01725000,20.31088004,0.58546006,0.23597592,0.63122747,21.41963440
3.4000,0.01775000,20.58744733,0.57609713,0.23939313,0.62385653,20.81710580
3.4000,0.01825000,17.70658863,0.56770335,0.24288399,0.61747852,20.23476350
3.4000,0.01875000,19.70291382,0.55985056,0.24643048,0.61168671,19.67162500
3.4000,0.01925000,19.23664849,0.55235314,0.25002426,0.60630530,19.12707370
3.4000,0.01975000,17.33761366,0.54503154,0.25365983,0.60116777,18.60031450
3.4000,0.02025000,18.03335403,0.53818561,0.25732631,0.59654051,18.09071090
3.4000,0.02075000,16.99679918,0.53215744,0.26101608,0.59272332,17.59761480
3.4000,0.02125000,15.75284571,0.52654567,0.26472346,0.58934612,17.12041540
3.4000,0.02175000,16.48873925,0.52129544,0.26844239,0.58635335,16.65854800
3.4000,0.02225000,15.77923416,0.51611933,0.27216619,0.58348401,16.21146590
3.4000,0.02275000,15.58524140,0.51115797,0.27589573,0.58086223,15.77865890
3.4000,0.02325000,14.56376141,0.50650395,0.27961372,0.57855863,15.35959960
3.4000,0.02375000,14.92197783,0.50222000,0.28332748,0.57662760,14.95384790
3.4000,0.02425000,14.44567742,0.49851527,0.28703157,0.57524307,14.56092260
3.4000,0.02475000,15.10183954,0.49516124,0.29072058,0.57419780,14.18039930
3.4000,0.02525000,14.22422983,0.49204416,0.29577602,0.57410009,13.81185520
3.4000,0.02575000,13.53785086,0.48898982,0.29804716,0.57266321,13.45487500
3.4000,0.02625000,13.54069879,0.48628844,0.30808718,0.57566844,13.10911710
3.4000,0.02675000,13.64179271,0.48412409,0.30528870,0.57234371,12.77423550
3.4000,0.02725000,13.28488038,0.48225857,0.30887476,0.57269272,12.44980370
3.4000,0.02775000,13.09704051,0.48082268,0.31243463,0.57341595,12.13553340
3.4000,0.02825000,12.73630081,0.47957468,0.31853374,0.57572182,11.83105190
3.4000,0.02875000,12.40782744,0.47852559,0.32489952,0.57839990,11.53616840
3.4000,0.02925000,12.05046547,0.47744075,0.32695656,0.57866248,11.24960290
3.4000,0.02975000,11.98268804,0.47483527,0.32652342,0.57626910,10.98046460
3.4000,0.03034939,10.66040124,0.38131775,0.33049695,0.50461020,10.65786890
3.4000,0.03105632,10.94941065,0.37546575,0.33527954,0.50337551,10.29023740
3.4000,0.03177972,10.64416908,0.37139759,0.34011325,0.50360023,9.93562500
3.4000,0.03251996,11.17279322,0.36786818,0.34499957,0.50433292,9.58874390
3.4000,0.03327745,9.98884937,0.36567250,0.34993934,0.50613626,9.25011000
3.4000,0.03405258,10.50515519,0.36429231,0.35994824,0.51212462,8.91991180
3.4000,0.03484577,8.84307837,0.36295037,0.36585765,0.51534919,8.59831240
3.4000,0.03565743,9.47430841,0.36191582,0.36511655,0.51409450,8.28546860
3.4000,0.03648800,9.00061168,0.36105520,0.37413298,0.51993879,7.98146830
3.4000,0.03733791,8.48695526,0.36114984,0.37554788,0.52102344,7.68641640
3.4000,0.03820762,7.71367239,0.36256542,0.38090508,0.52587295,7.40048770
3.4000,0.03909759,7.18041857,0.36604750,0.38635553,0.53222304,7.12374910
3.4000,0.04000829,7.83573347,0.37219944,0.39193613,0.54050565,6.85633630
3.4000,0.04094021,6.51468787,0.37960158,0.40550640,0.55545729,6.59843710
3.4000,0.04189383,7.34960827,0.38875629,0.40563692,0.56184764,6.35004960
3.4000,0.04286966,6.82152227,0.39902914,0.40976717,0.57195576,6.11157650
3.4000,0.04386822,6.45545532,0.41170820,0.41622419,0.58544531,5.88287550
3.4000,0.04489004,5.38955564,0.42820660,0.42304973,0.60194017,5.66410500
3.4000,0.04593567,5.59181315,0.44937053,0.43037099,0.62221626,5.45586970
3.4000,0.04700565,5.73537027,0.47490759,0.43825616,0.64622417,5.25736000
3.4000,0.04810055,5.75125398,0.50507850,0.44681705,0.67435137,5.06929810
3.4000,0.04922096,3.95511180,0.54015973,0.45624715,0.70706011,4.89212160
3.4000,0.05036746,3.56522931,0.58091109,0.46710143,0.74541361,4.73508450
3.4000,0.05154067,3.47426775,0.62809865,0.47976282,0.79036718,4.59463570
3.4000,0.05274120,3.39111813,0.68063143,0.50784297,0.84921354,4.82909630
3.6000,0.00025000,79.12579375,12.53489617,13.20504319,18.20705324,37.11848000
3.6000,0.00075000,90.87102192,2.41207970,3.18988878,3.99918978,58.46464100
3.6000,0.00125000,83.88835986,2.07464117,1.21276458,2.40310922,64.43339800
3.6000,0.00175000,75.54093365,2.01785322,0.63108877,2.11423855,65.24459400
3.6000,0.00225000,77.27682684,1.95517797,0.45017973,2.00633563,64.40998500
3.6000,0.00275000,75.78660226,1.88345061,0.38882445,1.92316683,62.87221800
3.6000,0.00325000,70.35746603,1.81545224,0.36256364,1.85130203,61.03902100
3.6000,0.00375000,59.07197984,1.75421763,0.43603613,1.80759703,59.10061600
3.6000,0.00425000,53.51732434,1.69940941,0.33948216,1.73298600,57.15036400
3.6000,0.00475000,52.99301701,1.65240073,0.33420402,1.68585898,55.23689700
3.6000,0.00525000,55.99981628,1.60661265,0.33159291,1.64047495,53.37936500
3.6000,0.00575000,49.89574643,1.56238768,0.33141022,1.59714996,51.58866500
3.6000,0.00625000,51.52433167,1.51821612,0.33348724,1.55441112,49.86946100
3.6000,0.00675000,44.38756037,1.47755746,0.33761792,1.51563911,48.22330000
3.6000,0.00725000,45.48100194,1.43941119,0.34364074,1.47986267,46.64577500
3.6000,0.00775000,43.31228598,1.40292004,0.35141962,1.44626429,45.13626500
3.6000,0.00825000,44.45601004,1.36734354,0.36076555,1.41413583,43.69074800
3.6000,0.00875000,40.37847648,1.33461010,0.37151154,1.38535372,42.30626900
3.6000,0.00925000,38.84682628,1.30387466,0.38348749,1.35909963,40.97854160
3.6000,0.00975000,38.89431497,1.27418297,0.39653275,1.33445887,39.70531340
3.6000,0.01025000,36.03000545,1.24618732,0.41049519,1.31205531,38.48274280
3.6000,0.01075000,35.80006638,1.21953041,0.42524356,1.29154423,37.30883770
3.6000,0.01125000,37.24772613,1.19370514,0.44065075,1.27244059,36.17954550
3.6000,0.01175000,33.51201612,1.16846754,0.45660975,1.25451539,35.09383040
3.6000,0.01225000,31.99247048,1.14433805,0.47302660,1.23825027,34.04841990
3.6000,0.01275000,31.00225887,1.12141234,0.48979405,1.22370905,33.04149050
3.6000,0.01325000,31.48153125,1.10002992,0.50685992,1.21118653,32.07093260
3.6000,0.01375000,30.82135438,1.07963079,0.52414883,1.20013942,31.13532410
3.6000,0.01425000,29.04834745,1.05961210,0.54160401,1.19000534,30.23249880
3.6000,0.01475000,28.58879911,1.04030311,0.55917310,1.18106101,29.36123590
3.6000,0.01525000,27.14321375,1.02156089,0.57681910,1.17316109,28.51997050
3.6000,0.01575000,26.01805107,1.00380326,0.59449819,1.16664009,27.70732670
3.6000,0.01625000,26.46967737,0.98737885,0.61220226,1.16176960,26.92206440
3.6000,0.01675000,26.80298570,0.97163909,0.62983433,1.15791787,26.16280260
3.6000,0.01725000,25.10577193,0.95590190,0.64743752,1.15452318,25.42891130
3.6000,0.01775000,23.96289543,0.94130667,0.66496702,1.15249268,24.71915550
3.6000,0.01825000,23.07071350,0.92838852,0.68240437,1.15220700,24.03246720
3.6000,0.01875000,25.17585918,0.91623256,0.69973194,1.15286898,23.36806360
3.6000,0.01925000,21.09598726,0.90425415,0.71693821,1.15398266,22.72512190
3.6000,0.01975000,23.55666259,0.89145599,0.73400788,1.15475597,22.10280190
3.6000,0.02025000,21.22380994,0.87938838,0.75092976,1.15638204,21.50022370
3.6000,0.02075000,21.11591441,0.86947888,0.76769695,1.15989315,20.91670950
3.6000,0.02125000,21.40794757,0.86047366,0.78429912,1.16427662,20.35176650
3.6000,0.02175000,21.07888562,0.85186838,0.80073100,1.16912355,19.80458110
3.6000,0.02225000,19.98336210,0.84267203,0.82587214,1.17989870,19.27462090
3.6000,0.02275000,19.78598084,0.83454163,0.84135993,1.18505116,18.76129570
3.6000,0.02325000,19.70782090,0.82651572,0.84897681,1.18485858,18.26403870
3.6000,0.02375000,18.48094596,0.81839304,0.86464227,1.19053494,17.78230860
3.6000,0.02425000,19.11555694,0.80982594,0.88014454,1.19602360,17.31547000
3.6000,0.02475000,17.67086314,0.80246651,0.89545364,1.20240996,16.86313290
3.6000,0.02525000,16.76989988,0.79671168,0.91056429,1.20990778,16.42478660
3.6000,0.02575000,18.33253279,0.79302511,0.92547738,1.21876873,15.99989310
3.6000,0.02625000,17.39625009,0.78978769,0.94097984,1.22849813,15.58823270
3.6000,0.02675000,17.30278976,0.78671786,0.96611813,1.24591703,15.18913180
3.6000,0.02725000,16.72786221,0.78368595,0.99565157,1.26707763,14.80243030
3.6000,0.02775000,17.12563581,0.78055354,0.98312540,1.25530848,14.42750360
3.6000,0.02825000,18.73468929,0.77702867,1.00998756,1.27430311,14.06425500
3.6000,0.02875000,15.10047486,0.77305045,1.01182072,1.27333741,13.71201350
3.6000,0.02925000,14.15680906,0.76967138,1.02425760,1.28120945,13.36975000
3.6000,0.02975000,15.41391145,0.76398787,1.03848391,1.28923477,13.04759870
3.6000,0.03034939,14.26957792,0.61399325,1.05475787,1.22045150,12.66171850
3.6000,0.03105632,14.80902786,0.60078805,1.07142366,1.22837084,12.22188640
3.6000,0.03177972,12.46121208,0.58892219,1.09048248,1.23934716,11.79705340
3.6000,0.03251996,12.88469295,0.57948220,1.11770858,1.25899646,11.38125530
3.6000,0.03327745,11.90029011,0.57461280,1.12596989,1.26411553,10.97514440
3.6000,0.03405258,12.78281752,0.57172482,1.14413544,1.27902900,10.57908420
3.6000,0.03484577,13.30707857,0.57009811,1.16484756,1.29687381,10.19288650
3.6000,0.03565743,11.79386214,0.56878768,1.18036050,1.31025583,9.81692650
3.6000,0.03648800,11.19862764,0.56780592,1.19839724,1.32610690,9.45178540
3.6000,0.03733791,10.69997862,0.56716116,1.22412797,1.34913346,9.09733820
3.6000,0.03820762,10.72336439,0.56709791,1.24451855,1.36763536,8.75336790
3.6000,0.03909759,9.77323131,0.56817485,1.25204406,1.37493163,8.42053130
3.6000,0.04000829,9.28516211,0.57150233,1.26973466,1.39242272,8.09853890
3.6000,0.04094021,10.53550827,0.57708290,1.28731204,1.41074340,7.78761680
3.6000,0.04189383,8.31527052,0.58536165,1.30486020,1.43014279,7.48793720
3.6000,0.04286966,8.46708369,0.59538531,1.32873527,1.45602922,7.19845100
3.6000,0.04386822,8.83416922,0.60669418,1.34549490,1.47595202,6.92070390
3.6000,0.04489004,8.51383634,0.62000423,1.35637621,1.49136236,6.65626270
3.6000,0.04593567,7.57156787,0.63656201,1.37334463,1.51369966,6.40392700
3.6000,0.04700565,7.11470002,0.65902501,1.39024666,1.53853818,6.16785950
3.6000,0.04810055,6.06598165,0.68813268,1.40712431,1.56637333,5.94763860
3.6000,0.04922096,7.07837744,0.72369828,1.42408696,1.59742382,5.75179570
3.6000,0.05036746,6.10348125,0.76462921,1.44112329,1.63140864,5.57099720
3.6000,0.05154067,4.49596870,0.81503935,1.45834472,1.67064612,5.40513020
3.6000,0.05274120,4.44144094,0.87747360,1.48041933,1.72093036,5.67175850
3.8000,0.00025000,119.74971234,21.62036726,16.53382280,27.21778053,34.07508000
3.8000,0.00075000,114.06591645,4.09679122,3.97033404,5.70501978,67.03612700
3.8000,0.00125000,99.14141605,3.52972461,1.62350653,3.88519359,73.60298700
3.8000,0.00175000,99.83627595,3.43370744,1.04180655,3.58827364,74.87681300
3.8000,0.00225000,95.81910544,3.34113286,0.82742239,3.44206284,74.10725000
3.8000,0.00275000,86.41666691,3.21499355,0.77865279,3.30794252,72.49837700
3.8000,0.00325000,88.83393974,3.10084673,0.75685654,3.19187755,70.51145000
3.8000,0.00375000,66.68128148,2.99361017,0.74289904,3.08441256,68.37954600
3.8000,0.00425000,74.07151771,2.89584930,0.73393470,2.98740746,66.21518200
3.8000,0.00475000,62.14298591,2.81021387,0.72559730,2.90237720,64.07702400
3.8000,0.00525000,68.12996170,2.73538499,0.73841372,2.83329946,61.99151000
3.8000,0.00575000,63.62895093,2.66410944,0.72090624,2.75992480,59.97199000
3.8000,0.00625000,63.52574697,2.58881767,0.73451415,2.69100130,58.02965900
3.8000,0.00675000,50.88316882,2.51624422,0.71168860,2.61495423,56.16281300
3.8000,0.00725000,56.23980372,2.45230538,0.71172053,2.55349717,54.36861000
3.8000,0.00775000,57.23859122,2.39283681,0.71316054,2.49685121,52.64783200
3.8000,0.00825000,54.90206689,2.33474729,0.71592366,2.44204660,50.99727000
3.8000,0.00875000,49.53142932,2.27727034,0.74339457,2.39553662,49.41271200
3.8000,0.00925000,46.28607204,2.22119519,0.72525114,2.33659951,47.89103000
3.8000,0.00975000,43.25776152,2.16966546,0.73186292,2.28977544,46.42964070
3.8000,0.01025000,45.89406990,2.12087108,0.73965085,2.24614726,45.02540010
3.8000,0.01075000,43.33349053,2.07333779,0.74837599,2.20426773,43.67329860
3.8000,0.01125000,44.53111069,2.02701887,0.75820396,2.16418085,42.37251930
3.8000,0.01175000,37.68314493,1.98413155,0.76884431,2.12788618,41.11901030
3.8000,0.01225000,37.59509930,1.94283593,0.78035690,2.09369729,39.91191640
3.8000,0.01275000,38.66882068,1.90462985,0.79282359,2.06305213,38.74796280
3.8000,0.01325000,37.62476611,1.86789075,0.80593276,2.03434104,37.62497950
3.8000,0.01375000,37.77588555,1.83216356,0.81967390,2.00715934,36.54173190
3.8000,0.01425000,34.35100072,1.79798798,0.83401760,1.98200559,35.49544630
3.8000,0.01475000,34.78093601,1.76485630,0.84890477,1.95840677,34.48442840
3.8000,0.01525000,34.78650584,1.73266166,0.89201615,1.94879687,33.50744820
3.8000,0.01575000,32.15208955,1.70077161,0.87991571,1.91490880,32.56285580
3.8000,0.01625000,34.89590009,1.66807800,0.89596620,1.89347290,31.64974690
3.8000,0.01675000,33.23098069,1.63692711,0.91230200,1.87398647,30.76673440
3.8000,0.01725000,28.09537671,1.60930111,0.92893124,1.85816127,29.91214820
3.8000,0.01775000,27.61632668,1.58566395,0.94578057,1.84630200,29.08521450
3.8000,0.01825000,31.33358622,1.56316484,0.96278052,1.83587327,28.28460970
3.8000,0.01875000,27.26194246,1.53960482,0.97993766,1.82500982,27.50973620
3.8000,0.01925000,26.60671630,1.51452272,0.99758759,1.81354903,26.75980770
3.8000,0.01975000,25.86627087,1.48940050,1.01451788,1.80209888,26.03284450
3.8000,0.02025000,26.24585628,1.46589209,1.03190599,1.79267108,25.32902370
3.8000,0.02075000,23.32946873,1.44576594,1.04933312,1.78643196,24.64755590
3.8000,0.02125000,23.59757282,1.42948509,1.06676516,1.78365230,23.98700060
3.8000,0.02175000,23.11718836,1.41530873,1.08419688,1.78285773,23.34713110
3.8000,0.02225000,23.98881617,1.40094505,1.10160550,1.78218453,22.72690820
3.8000,0.02275000,22.28166900,1.38505091,1.11895369,1.78056828,22.12592380
3.8000,0.02325000,23.26419586,1.36798262,1.15013797,1.78723076,21.54341550
3.8000,0.02375000,22.90875263,1.35128241,1.15342481,1.77661277,20.97863820
3.8000,0.02425000,19.27009744,1.33669416,1.17055399,1.77678021,20.43136980
3.8000,0.02475000,22.13406623,1.32379919,1.18760519,1.77844043,19.90092320
3.8000,0.02525000,22.34361375,1.31083974,1.21750097,1.78902472,19.38661210
3.8000,0.02575000,18.94722119,1.29754095,1.22131169,1.78191323,18.88802480
3.8000,0.02625000,18.75544071,1.28528031,1.23800115,1.78454261,18.40468630
3.8000,0.02675000,19.03122558,1.27535313,1.25456109,1.78897992,17.93637160
3.8000,0.02725000,20.55591283,1.26816750,1.27099526,1.79546032,17.48221130
3.8000,0.02775000,19.41753250,1.26225862,1.37033070,1.86308965,17.04193390
3.8000,0.02825000,19.17004774,1.25462053,1.30995060,1.81384763,16.61488380
3.8000,0.02875000,18.81398684,1.24492682,1.31949689,1.81408788,16.20110160
3.8000,0.02925000,18.60475925,1.23656315,1.33761320,1.82161947,15.79877110
3.8000,0.02975000,15.80059248,1.22457250,1.35152798,1.82378883,15.42034440
3.8000,0.03034939,16.63311069,0.97736081,1.37932393,1.69049361,14.96673010
3.8000,0.03105632,15.53599778,0.95566535,1.41582734,1.70817543,14.44906210
3.8000,0.03177972,15.98027350,0.93722038,1.41426734,1.69662434,13.94895210
3.8000,0.03251996,16.40759755,0.92009355,1.44565611,1.71362006,13.45935410
3.8000,0.03327745,14.83592723,0.90440047,1.45737218,1.71518917,12.98062330
3.8000,0.03405258,14.02769411,0.88982490,1.47967479,1.72662266,12.51313420
3.8000,0.03484577,12.65684218,0.87588064,1.50214324,1.73885054,12.05810340
3.8000,0.03565743,12.59775216,0.86361935,1.52473751,1.75233069,11.61527010
3.8000,0.03648800,13.34470829,0.85244078,1.54971737,1.76869421,11.18304140
3.8000,0.03733791,11.65001457,0.84387876,1.57293294,1.78500683,10.76302060
3.8000,0.03820762,10.81501628,0.83642140,1.59309534,1.79932030,10.35658290
3.8000,0.03909759,10.89145169,0.83009305,1.61609247,1.81681297,9.96147690
3.8000,0.04000829,11.32340172,0.82542206,1.65189324,1.84663825,9.57932070
3.8000,0.04094021,10.01159259,0.82117576,1.66242633,1.85418202,9.21020720
3.8000,0.04189383,8.98211110,0.82385331,1.68688641,1.87731725,8.85248460
3.8000,0.04286966,8.29611031,0.83184764,1.74109763,1.92960915,8.51319200
3.8000,0.04386822,9.34038809,0.84474678,1.73326952,1.92816503,8.18570490
3.8000,0.04489004,9.65169299,0.86025029,1.75788227,1.95708473,7.86636940
3.8000,0.04593567,9.90859158,0.87581409,1.78159417,1.98522747,7.56461010
3.8000,0.04700565,6.33600159,0.89450073,1.80622246,2.01558208,7.27135820
3.8000,0.04810055,9.23010866,0.91466424,1.83163590,2.04731550,7.00135050
3.8000,0.04922096,6.41349919,0.94079269,1.85748572,2.08214891,6.73696550
3.8000,0.05036746,5.57786414,0.98231249,1.88608657,2.12656070,6.53690290
3.8000,0.05154067,6.75875119,1.03712971,1.91753965,2.18004503,6.38512510
3.8000,0.05274120,7.35577181,1.09788374,1.97753088,2.26185257,6.77765390
4.0000,0.00025000,-50.15360598,39.33160383,20.81733360,44.50097120,49.52353000
4.0000,0.00075000,161.12450311,7.02151447,4.63758674,8.41480102,75.30915000
4.0000,0.00125000,138.33292430,5.96887279,2.24284470,6.37634650,84.09829800
4.0000,0.00175000,119.66993134,5.78076229,0.85320677,5.84338724,85.70079100
4.0000,0.00225000,109.74451202,5.62195730,0.57475611,5.65126079,85.04430900
4.0000,0.00275000,104.93179002,5.36579160,0.49617192,5.38868315,83.35647000
4.0000,0.00325000,93.98623346,5.15171747,0.47098212,5.17320181,81.20907200
4.0000,0.00375000,89.08821000,4.95819673,0.46234511,4.97970660,78.86300700
4.0000,0.00425000,83.05531563,4.79020625,0.46080378,4.81231919,76.46196900
4.0000,0.00475000,70.93620372,4.64764692,0.46351543,4.67070321,74.07426300
4.0000,0.00525000,76.83757164,4.51843582,0.46854641,4.54266420,71.73285200
4.0000,0.00575000,74.59548229,4.39306456,0.60700735,4.43480261,69.45983000
4.0000,0.00625000,69.23385656,4.27407099,0.48674907,4.30169821,67.26383600
4.0000,0.00675000,64.31952682,4.16456212,0.49845167,4.19428560,65.14824100
4.0000,0.00725000,67.07940760,4.05920670,0.51199273,4.09136842,63.11250500
4.0000,0.00775000,58.26607841,3.94900644,0.52743504,3.98407324,61.15496500
4.0000,0.00825000,59.76295185,3.84423541,0.54441355,3.88259346,59.27502200
4.0000,0.00875000,62.04414507,3.73891148,0.56276487,3.78102676,57.46728900
4.0000,0.00925000,44.00767983,3.64657933,0.58239891,3.69279424,55.72816600
4.0000,0.00975000,53.84272063,3.55796074,0.60333500,3.60875293,54.05592800
4.0000,0.01025000,49.24198732,3.47546004,0.62534507,3.53127158,52.44626560
4.0000,0.01075000,55.29453848,3.39541285,0.67694900,3.46223748,50.89687400
4.0000,0.01125000,49.99308398,3.31656710,0.67162356,3.38388764,49.40348570
4.0000,0.01175000,53.35847367,3.23947930,0.69581275,3.31336408,47.96435720
4.0000,0.01225000,42.70545733,3.16166119,0.72057589,3.24273513,46.57575030
4.0000,0.01275000,45.81317548,3.08864705,0.74586134,3.17742816,45.23515100
4.0000,0.01325000,43.64989096,3.02191583,0.77147204,3.11883703,43.94014280
4.0000,0.01375000,41.84627628,2.95848461,0.79741145,3.06406531,42.69020020
4.0000,0.01425000,36.86553484,2.89792420,0.82369123,3.01271172,41.48319750
4.0000,0.01475000,39.86950820,2.84225058,0.85012516,2.96666498,40.31596410
4.0000,0.01525000,41.92536139,2.79050480,0.87669534,2.92498064,39.18760400
4.0000,0.01575000,41.94421467,2.74033747,0.92219007,2.89134639,38.09611560
4.0000,0.01625000,40.48207483,2.68916603,0.93006495,2.84545862,37.03978750
4.0000,0.01675000,27.17023685,2.63777351,0.95684249,2.80595735,36.01761720
4.0000,0.01725000,39.26035088,2.58727962,0.98357061,2.76792829,35.02777850
4.0000,0.01775000,37.41442867,2.53602123,1.01025889,2.72984005,34.07008230
4.0000,0.01825000,30.13850062,2.48845833,1.03686825,2.69583394,33.14185750
4.0000,0.01875000,27.96474760,2.44528607,1.06335362,2.66648549,32.24198510
4.0000,0.01925000,34.99880288,2.40446365,1.08974705,2.63988524,31.37081490
4.0000,0.01975000,33.27539198,2.36679171,1.11601770,2.61671521,30.52708560
4.0000,0.02025000,30.36615581,2.33231702,1.14214279,2.59695838,29.70927990
4.0000,0.02075000,32.61406219,2.29925037,1.16811103,2.57896019,28.91664940
4.0000,0.02125000,31.53658280,2.26167387,1.19389668,2.55745146,28.14848680
4.0000,0.02175000,28.61145925,2.21974220,1.21949844,2.53267287,27.40413470
4.0000,0.02225000,26.68790717,2.17669984,1.24490818,2.50755231,26.68253290
4.0000,0.02275000,29.20508200,2.14010151,1.27009265,2.48860801,25.98222030
4.0000,0.02325000,27.07978702,2.11209652,1.29506325,2.47752710,25.30356240
4.0000,0.02375000,24.24335508,2.09038595,1.31981414,2.47216965,24.64535520
4.0000,0.02425000,27.09266730,2.06924710,1.34623557,2.46862994,24.00697610
4.0000,0.02475000,26.36924628,2.04502678,1.36861813,2.46074178,23.38804850
4.0000,0.02525000,25.49755518,2.01931052,1.39266637,2.45298483,22.78764010
4.0000,0.02575000,25.25919442,1.99478283,1.41647662,2.44654135,22.20520470
4.0000,0.02625000,23.55865744,1.96977486,1.45169636,2.44692364,21.64051960
4.0000,0.02675000,21.52734737,1.94071071,1.46335004,2.43058664,21.09244280
4.0000,0.02725000,24.26667368,1.91036125,1.48641653,2.42051941,20.56117020
4.0000,0.02775000,25.30945354,1.88545766,1.50922866,2.41510285,20.04563860
4.0000,0.02825000,24.15383926,1.86444030,1.53177737,2.41298146,19.54553290
4.0000,0.02875000,17.43209713,1.84714126,1.55962431,2.41751087,19.06061550
4.0000,0.02925000,22.12067370,1.83251259,1.57610350,2.41706529,18.58749490
4.0000,0.02975000,22.07807734,1.81479164,1.59788835,2.41799832,18.14585340
4.0000,0.03034939,20.92809045,1.44597514,1.62366633,2.17419789,17.61164080
4.0000,0.03105632,22.35399675,1.41500948,1.65360149,2.17638455,17.00298880
4.0000,0.03177972,19.88180804,1.38785088,1.68369514,2.18196228,16.41506860
4.0000,0.03251996,21.97540170,1.35492174,1.71393415,2.18480736,15.83841410
4.0000,0.03327745,18.66176483,1.31899654,1.76587463,2.20410188,15.27485120
4.0000,0.03405258,17.59606104,1.28511561,1.78025936,2.19564239,14.72360230
4.0000,0.03484577,17.16745104,1.25363349,1.80537244,2.19794599,14.18496520
4.0000,0.03565743,18.35487345,1.22110964,1.83606842,2.20505237,13.66207540
4.0000,0.03648800,14.84042318,1.19294402,1.86680682,2.21541940,13.15219300
4.0000,0.03733791,15.17698220,1.17084413,1.89754674,2.22969944,12.65344890
4.0000,0.03820762,15.77518710,1.15452565,1.92832830,2.24752742,12.16983650
4.0000,0.03909759,15.15029026,1.14338553,1.95914764,2.26838929,11.70279750
4.0000,0.04000829,13.82825102,1.13210659,2.00416143,2.30180980,11.24700930
4.0000,0.04094021,13.15156574,1.12541463,2.02063365,2.31290260,10.80289140
4.0000,0.04189383,15.51644358,1.11845630,2.06329311,2.34693906,10.37367910
4.0000,0.04286966,11.83402489,1.10484435,2.08205421,2.35703856,9.96517980
4.0000,0.04386822,12.83431884,1.09733693,2.11273400,2.38071277,9.57047280
4.0000,0.04489004,11.03621852,1.08758388,2.14864532,2.40821831,9.18696580
4.0000,0.04593567,9.68989282,1.09070125,2.19356572,2.44976730,8.82347600
4.0000,0.04700565,10.23619206,1.09438603,2.21232364,2.46820920,8.47866670
4.0000,0.04810055,8.68001140,1.11013012,2.23510966,2.49561697,8.13546490
4.0000,0.04922096,11.27887739,1.13358491,2.26550126,2.53328062,7.79767920
4.0000,0.05036746,10.25132838,1.15560248,2.29663542,2.57098256,7.51120530
4.0000,0.05154067,4.99103591,1.17642862,2.32770290,2.60809990,7.21290300
4.0000,0.05274120,8.09564791,1.20557070,2.36922442,2.65831245,7.59754200
4.2000,0.00025000,120.28425922,71.38947274,26.35026058,76.09726047,50.09805000
4.2000,0.00075000,133.14184024,13.51194133,5.69525657,14.66316835,85.26115000
4.2000,0.00125000,151.81962271,11.64499166,2.05112559,11.82425249,95.33272700
4.2000,0.00175000,137.39068244,11.46298991,1.01993050,11.50827510,97.55682600
4.2000,0.00225000,140.47176323,11.22258712,0.71886124,11.24558683,97.05520300
4.2000,0.00275000,125.16613132,10.77233340,0.63188528,10.79085010,95.33951600
4.2000,0.00325000,117.21141312,10.40354873,0.60487928,10.42111823,93.04532100
4.2000,0.00375000,105.64995392,10.09924746,0.60128348,10.11713107,90.49574800
4.2000,0.00425000,87.32582775,9.81783873,0.60261754,9.83631563,87.86328200
4.2000,0.00475000,108.48828281,9.52990948,0.60432189,9.54905124,85.22436400
4.2000,0.00525000,102.37726949,9.28869509,0.61260864,9.30887458,82.62156100
4.2000,0.00575000,93.62947227,9.07190276,0.61945400,9.09302716,80.07706800
4.2000,0.00625000,81.49066031,8.84332805,0.62801037,8.86559913,77.61370900
4.2000,0.00675000,85.45143477,8.65562798,0.64027991,8.67927728,75.23379000
4.2000,0.00725000,76.27948865,8.46992718,0.65606603,8.49529806,72.93869100
4.2000,0.00775000,89.18115912,8.28402069,0.67302683,8.31131541,70.72979500
4.2000,0.00825000,78.72301592,8.09025515,0.69175914,8.11977580,68.60212000
4.2000,0.00875000,81.16110753,7.89517167,0.71242701,7.92724971,66.54872600
4.2000,0.00925000,89.29980885,7.65837041,0.73506343,7.69356585,64.57488100
4.2000,0.00975000,57.42253260,7.44293498,0.75890930,7.48152554,62.67671700
4.2000,0.01025000,68.99990462,7.24371808,0.78367643,7.28598657,60.84188900
4.2000,0.01075000,60.11153283,7.07981206,0.81010875,7.12600975,59.07125770
4.2000,0.01125000,53.49371379,6.93892230,0.83777783,6.98931430,57.36388070
4.2000,0.01175000,59.45998839,6.81055736,0.86621287,6.86542179,55.71449810
4.2000,0.01225000,51.26407541,6.69702343,0.89557233,6.75663915,54.12218660
4.2000,0.01275000,48.61643541,6.55827124,0.92525455,6.62321807,52.58637690
4.2000,0.01325000,48.54434365,6.41476350,0.95618104,6.48563589,51.11120290
4.2000,0.01375000,58.12543558,6.27567576,0.98761090,6.35291126,49.68336500
4.2000,0.01425000,48.22812636,6.16430885,1.01871343,6.24791810,48.29099670
4.2000,0.01475000,57.50585468,6.06112731,1.05059404,6.15150486,46.94705060
4.2000,0.01525000,54.13318017,5.95017849,1.08289499,6.04791581,45.64429360
4.2000,0.01575000,42.08521302,5.84292942,1.11544295,5.94844830,44.38317110
4.2000,0.01625000,39.16430788,5.75376064,1.14792684,5.86715412,43.16192510
4.2000,0.01675000,60.71338092,5.67097417,1.18033723,5.79250757,41.97908540
4.2000,0.01725000,42.73823897,5.57230451,1.21335434,5.70287702,40.83543900
4.2000,0.01775000,40.34429607,5.47035753,1.24629328,5.61053103,39.72327350
4.2000,0.01825000,47.88539793,5.36828703,1.27925453,5.51860470,38.65008410
4.2000,0.01875000,43.13636515,5.26584297,1.31255106,5.42695978,37.61684550
4.2000,0.01925000,34.94764793,5.15199498,1.34561579,5.32482245,36.60843030
4.2000,0.01975000,42.23258277,5.05446606,1.37841065,5.23904983,35.62636150
4.2000,0.02025000,41.63822073,4.97609049,1.41114703,5.17231210,34.67504240
4.2000,0.02075000,32.18846588,4.91139513,1.44372630,5.11919405,33.75355370
4.2000,0.02125000,35.80979469,4.85414286,1.47623102,5.07365361,32.86053310
4.2000,0.02175000,38.48637100,4.78791142,1.50855496,5.01994361,31.99012360
4.2000,0.02225000,38.95107950,4.71736594,1.54074456,4.96260367,31.14600650
4.2000,0.02275000,32.01217061,4.65087296,1.57287912,4.90964032,30.33282040
4.2000,0.02325000,40.90095512,4.58833198,1.60477602,4.86087404,29.54021570
4.2000,0.02375000,27.98019161,4.52834960,1.63640364,4.81495244,28.77308340
4.2000,0.02425000,33.21912608,4.46792264,1.66789150,4.76908742,28.02903920
4.2000,0.02475000,32.94214858,4.41110569,1.69916427,4.72705115,27.30560340
4.2000,0.02525000,32.56837862,4.35818612,1.73015263,4.68905261,26.60349020
4.2000,0.02575000,37.76288470,4.31754341,1.76087468,4.66281682,25.92323280
4.2000,0.02625000,30.49219410,4.26890019,1.79137770,4.62952945,25.26167110
4.2000,0.02675000,33.25648245,4.22153612,1.82163065,4.59779354,24.62216700
4.2000,0.02725000,28.16856512,4.17304300,1.85157569,4.56537188,23.99756660
4.2000,0.02775000,25.86286796,4.14503754,1.88131709,4.55199848,23.39376960
4.2000,0.02825000,26.14820763,4.13396350,1.91087206,4.55423828,22.80827200
4.2000,0.02875000,38.51894402,4.12563671,1.94018002,4.55907631,22.24237700
4.2000,0.02925000,28.05377121,4.09664598,1.96918991,4.54535116,21.69216780
4.2000,0.02975000,15.37901318,4.01773847,1.99791123,4.48707830,21.16921200
4.2000,0.03034939,24.29815868,3.19739583,2.03200158,3.78845226,20.54595590
4.2000,0.03105632,24.84050994,3.09851061,2.07163254,3.72725494,19.83287210
4.2000,0.03177972,27.16151102,3.02373586,2.11168173,3.68811311,19.14313320
4.2000,0.03251996,21.01608292,2.94702033,2.15213130,3.64919141,18.47114520
4.2000,0.03327745,20.97880578,2.87270955,2.19281898,3.61398882,17.80842290
4.2000,0.03405258,22.45908834,2.79991250,2.23383534,3.58183338,17.16383310
4.2000,0.03484577,22.04454755,2.74190565,2.27527906,3.56299613,16.54206960
4.2000,0.03565743,17.98521267,2.67570899,2.31668823,3.53927436,15.92083210
4.2000,0.03648800,18.65020036,2.64352755,2.35832347,3.54258769,15.31263690
4.2000,0.03733791,22.01523946,2.62558815,2.40047135,3.55752384,14.74198910
4.2000,0.03820762,21.15567168,2.59356024,2.44278747,3.56283109,14.18383610
4.2000,0.03909759,18.87323667,2.55534705,2.48504175,3.56443980,13.62402590
4.2000,0.04000829,20.00660902,2.50364970,2.52776922,3.55779131,13.10632580
4.2000,0.04094021,17.20394237,2.48937020,2.57103699,3.57871418,12.63945170
4.2000,0.04189383,15.99012087,2.49391752,2.61415870,3.61295590,12.16636840
4.2000,0.04286966,13.27972405,2.47373073,2.65713382,3.63038619,11.69073180
4.2000,0.04386822,14.79054633,2.50529701,2.70017546,3.68340340,11.23226670
4.2000,0.04489004,16.10439203,2.54088399,2.74330373,3.73922543,10.79316720
4.2000,0.04593567,17.17379341,2.57579348,2.78663014,3.79473577,10.37469340
4.2000,0.04700565,14.33281652,2.57412148,2.82975021,3.82538726,9.95236690
4.2000,0.04810055,12.64547215,2.58181464,2.87522139,3.86428065,9.71414790
4.2000,0.04922096,13.59585386,2.58868911,2.92154270,3.90342453,9.52270760
4.2000,0.05036746,16.12223193,2.57808174,2.96704190,3.93062884,9.26063160
4.2000,0.05154067,13.36542278,2.56383274,3.01415703,3.95706722,9.08620720
4.2000,0.05274120,9.24806835,2.60050001,3.07132773,4.02438248,9.50608180
4.4000,0.00025000,328.92241553,184.93874398,34.09060739,188.05453607,43.57555000
4.4000,0.00075000,234.22052985,28.06054837,7.09525994,28.94368823,96.32551000
4.4000,0.00125000,190.82591976,21.65692674,2.58506608,21.81066350,107.03342900
4.4000,0.00175000,167.13878531,20.54701290,1.39160961,20.59408450,109.98495400
4.4000,0.00225000,194.72207838,20.08178942,1.07243525,20.11040486,109.61575600
4.4000,0.00275000,156.40384884,19.39897074,0.99000773,19.42421636,107.83016500
4.4000,0.00325000,152.07250992,18.74671208,0.96674944,18.77162269,105.38406700
4.4000,0.00375000,149.91295756,18.04035591,0.96051276,18.06590784,102.65237300
4.4000,0.00425000,114.60284952,17.36843289,0.95709599,17.39478352,99.78787300
4.4000,0.00475000,122.61663794,16.80809068,0.95799747,16.83536966,96.87655700
4.4000,0.00525000,125.74451830,16.39463905,0.96038484,16.42274425,93.99795100
4.4000,0.00575000,92.74106777,15.99523078,0.96413820,16.02426192,91.19628000
4.4000,0.00625000,124.60247387,15.59207862,0.97276745,15.62239394,88.47411000
4.4000,0.00675000,94.75100308,15.17973357,0.98272958,15.21151106,85.82735900
4.4000,0.00725000,79.37255132,14.80991587,0.99568315,14.84334845,83.26445900
4.4000,0.00775000,76.37107816,14.51048750,1.01177249,14.54571865,80.80036300
4.4000,0.00825000,58.67114472,14.28216056,1.02906260,14.31918573,78.42441600
4.4000,0.00875000,76.26912667,13.99750103,1.04881044,14.03673888,76.12480400
4.4000,0.00925000,71.31450240,13.65971256,1.06962654,13.70152722,73.90353600
4.4000,0.00975000,56.61310082,13.33218948,1.09189420,13.37682732,71.76293100
4.4000,0.01025000,65.12929149,13.04885742,1.11638913,13.09652644,69.69806800
4.4000,0.01075000,65.94670070,12.77218526,1.14315477,12.82324137,67.70545000
4.4000,0.01125000,79.46007975,12.55211134,1.17195278,12.60670347,65.78330370
4.4000,0.01175000,73.87702024,12.38419895,1.20252816,12.44244580,63.92861060
4.4000,0.01225000,76.16701998,12.20136602,1.23290694,12.26349837,62.13066450
4.4000,0.01275000,62.83934542,11.98505338,1.26510006,12.05163818,60.39050610
4.4000,0.01325000,52.85671691,11.76984947,1.29835535,11.84124500,58.70407000
4.4000,0.01375000,65.71488027,11.60305744,1.33186873,11.67924725,57.08122360
4.4000,0.01425000,69.39695310,11.48905354,1.36664017,11.57004998,55.51150160
4.4000,0.01475000,71.39257926,11.35781340,1.40322988,11.44416792,53.98829610
4.4000,0.01525000,72.37697913,11.18617139,1.44020327,11.27850238,52.50903920
4.4000,0.01575000,70.14999814,10.94875268,1.47722185,11.04795771,51.07870410
4.4000,0.01625000,45.24056296,10.67598020,1.51515028,10.78296033,49.69347170
4.4000,0.01675000,46.68420357,10.42338388,1.55444983,10.53865483,48.34848010
4.4000,0.01725000,71.22891677,10.20778016,1.59320934,10.33136447,47.04298890
4.4000,0.01775000,29.58340591,10.02061813,1.63209568,10.15266094,45.78241660
4.4000,0.01825000,46.96924149,9.85877588,1.67148442,9.99946609,44.56200300
4.4000,0.01875000,55.55658235,9.72316702,1.71126167,9.87260823,43.37072390
4.4000,0.01925000,39.37905416,9.60658969,1.75120743,9.76490107,42.21202200
4.4000,0.01975000,54.17726657,9.49459104,1.79104838,9.66204499,41.09483510
4.4000,0.02025000,60.59441732,9.37114165,1.83105579,9.54835384,40.01534440
4.4000,0.02075000,60.05377711,9.24223663,1.87152749,9.42982254,38.96489820
4.4000,0.02125000,16.74966212,9.11367246,1.91199597,9.31207572,37.94144900
4.4000,0.02175000,52.15721186,8.98334675,1.95241502,9.19306495,36.95150190
4.4000,0.02225000,40.97095780,8.84998530,1.99269112,9.07155211,35.99091440
4.4000,0.02275000,23.56490570,8.73647784,2.03293160,8.96988606,35.05941630
4.4000,0.02325000,57.77452144,8.66307289,2.07322985,8.90769969,34.14993600
4.4000,0.02375000,32.67046001,8.60149854,2.11344718,8.85733798,33.26877820
4.4000,0.02425000,43.51983187,8.52949176,2.15330183,8.79709830,32.41685480
4.4000,0.02475000,26.04445172,8.46405105,2.19322398,8.74359146,31.59003870
4.4000,0.02525000,45.47587458,8.41662863,2.23311659,8.70783826,30.78542310
4.4000,0.02575000,37.97545427,8.36047385,2.27297670,8.66394518,30.00256280
4.4000,0.02625000,46.65629234,8.25209189,2.31264527,8.57002618,29.24527330
4.4000,0.02675000,15.47281754,8.13428387,2.35201097,8.46749843,28.51167300
4.4000,0.02725000,47.65250628,8.01521187,2.39119166,8.36429428,27.79620030
4.4000,0.02775000,12.23232298,7.94267119,2.43018940,8.30613305,27.10316060
4.4000,0.02825000,32.17209934,7.89316115,2.46894552,8.27028929,26.42919880
4.4000,0.02875000,23.22280568,7.86711999,2.50745025,8.25705055,25.77454230
4.4000,0.02925000,37.16468167,7.86341932,2.54568939,8.26522219,25.13388620
4.4000,0.02975000,41.05309827,7.82375164,2.58375908,8.23935074,24.54498530
4.4000,0.03034939,29.97040962,6.20698850,2.62917713,6.74086631,23.81901380
4.4000,0.03105632,30.69350577,6.03568888,2.68238057,6.60490014,22.99142570
4.4000,0.03177972,27.23946801,5.91569665,2.73612608,6.51781043,22.19380230
4.4000,0.03251996,40.51450458,5.73950512,2.79052563,6.38192387,21.40834610
4.4000,0.03327745,23.22929495,5.60296492,2.84576626,6.28423436,20.64154150
4.4000,0.03405258,28.28926530,5.52322360,2.90208240,6.23923723,19.90427020
4.4000,0.03484577,37.97889082,5.50149157,2.95883220,6.24668692,19.17509780
4.4000,0.03565743,30.48586901,5.43416125,3.01622361,6.21511974,18.46292680
4.4000,0.03648800,21.66888166,5.36296310,3.07439772,6.18169027,17.77550790
4.4000,0.03733791,30.83675782,5.26784763,3.13318869,6.12919978,17.10045390
4.4000,0.03820762,32.89309969,5.15652785,3.19299433,6.06506325,16.47132000
4.4000,0.03909759,22.50444360,5.03296116,3.25279908,5.99261211,15.84451960
4.4000,0.04000829,10.76955207,4.94838727,3.31342777,5.95527834,15.22905750
4.4000,0.04094021,19.65073285,4.96357982,3.37489966,6.00225561,14.63375620
4.4000,0.04189383,21.42496385,5.02714971,3.43743776,6.09000925,14.08818120
4.4000,0.04286966,16.71326724,5.13675598,3.49940844,6.21547435,13.51353970
4.4000,0.04386822,24.26982640,5.22577333,3.56189199,6.32422180,12.95067830
4.4000,0.04489004,27.12917130,5.24416325,3.62707758,6.37627948,12.49319860
4.4000,0.04593567,11.21876879,5.24684718,3.69082809,6.41495264,11.98748730
4.4000,0.04700565,19.48910567,5.17622223,3.75495450,6.39476034,11.48677450
4.4000,0.04810055,24.66403998,5.15316107,3.81859709,6.41379394,10.93517040
4.4000,0.04922096,19.59987190,5.13866796,3.88567759,6.44239076,10.53151020
4.4000,0.05036746,12.02721316,5.19297131,3.95608518,6.52821269,10.25938980
4.4000,0.05154067,8.08191295,5.28008645,4.02232803,6.63765287,9.76899150
4.4000,0.05274120,19.58729964,5.43485663,4.13383452,6.82834199,10.81684410
