id,source,arxiv,probe,kind,m_lo_ev,m_hi_ev,f_max,cl,evidence,f_strict,method_grade,variant,locator,quote
BASE-LGZ-1e-22,"Liu, Gong & Zhou 2026",2606.06969,Lyman-alpha P1D,mixed_bound,1e-22,1e-22,0.12,95% credible (Bayesian),text,ge,analysis,primary_bayes,v2 Sec. 4 (Bayesian marginalized limits); Fig. 6 red contour reads 0.116 here (control in scripts/wp_e6_v2_p0_digitize_figures.py),f_FDM < 0.12 at m = 1e-22 eV (pre-existing repo record; reproduced from the Fig. 6 contour within reading error)
BASE-LGZ-1e-21,"Liu, Gong & Zhou 2026",2606.06969,Lyman-alpha P1D,mixed_bound,1e-21,1e-21,0.65,95% credible (Bayesian),text,ge,analysis,primary_bayes,v2 Sec. 4 (Bayesian marginalized limits); Fig. 6 red contour reads 0.631 here,f_FDM < 0.65 at m = 1e-21 eV (pre-existing repo record; reproduced from the Fig. 6 contour within reading error)
FREQ-LGZ-1e-22,"Liu, Gong & Zhou 2026",2606.06969,Lyman-alpha P1D,mixed_bound,1e-22,1e-22,0.17,95% frequentist,text,ge,analysis,sens_freq,"v2 p. 15 (end of Sec. 4, frequentist limits)","f_FDM < 0.08, 0.17, 0.90 for log10(m_FDM/eV) = -23.0, -22.0, -21.0, respectively"
FREQ-LGZ-1e-21,"Liu, Gong & Zhou 2026",2606.06969,Lyman-alpha P1D,mixed_bound,1e-21,1e-21,0.90,95% frequentist,text,ge,analysis,sens_freq,"v2 p. 15 (end of Sec. 4, frequentist limits)","f_FDM < 0.08, 0.17, 0.90 for log10(m_FDM/eV) = -23.0, -22.0, -21.0, respectively"
LGZ-NOLIMIT-GT-1e-20,"Liu, Gong & Zhou 2026",2606.06969,Lyman-alpha P1D,no_bound_found,1e-20,1e-19,,,text,,analysis,,v2 p. 15 (end of Sec. 4),"For log10(m_FDM/eV) > -20, the data do not provide an effective upper limit on f_FDM."
KOB-2017-TEXT,"Kobayashi, Murgia, De Simone, Irsic, Viel 2017",1708.00015,Lyman-alpha (XQ-100 + HIRES/MIKE),mixed_bound,1e-22,0.99e-21,0.3,2 sigma (Fig. 1 caption),text,gt,analysis,primary,abstract / conclusions (read in full text); simulated mass range 1-15.7e-22 eV,"For scalar DM that constitutes more than 30% of the total DM density, we obtain a lower limit m >~ 1e-21 eV"
DESI-DR1-CAST-NOTRIGGER,Chaves-Montero et al. 2026 (DESI DR1 P1D cosmological analysis),2601.21432,DESI DR1 Lyman-alpha P1D,no_bound_found,,,,,text,,,,v1 Sec. 7 p. 39 (read via full-text query); abstract and Sec. 9 list only LCDM extensions,"The Lya forest is also sensitive to the nature of dark matter (e.g.; [131-133]) and primordial magnetic fields [134], but constraining these effects is beyond the scope of this work."
DESI-DR1-MEAS-NOTRIGGER,Karacayli et al. 2025 (DESI DR1 P1D measurement),2505.07974,DESI DR1 Lyman-alpha P1D,no_bound_found,,,,,text,,,,"v2 abstract, Sec. 1, Sec. 5.4 (read via full-text query); dark matter is cited only as a downstream use","P1D has been used in a wide range of topics, including the primordial power spectrum [26], the sum of neutrino masses [27-29], and the nature of dark matter [30-38]."
MARSH-ERI2-FIGONLY,Marsh & Niemeyer 2019 (Eridanus II star cluster),1810.08543,Eri II star-cluster heating,compilation,1e-21,1e-19,,,figure,,analysis,,"v2 Fig. 2 (p. 4), exclusions in (m_a, Omega_a/Omega_d); not applied","FDM exclusions from the size and age of the Eri II star cluster. ... If Omega_a/Omega_d = 1, Eri II does not form for m_a <~ 0.8e-21 eV. (figure-only; resonance bands and a diffusion-approximation caveat in the range of a few 1e-21 eV; model-dependent halo; NOT APPLIED to any count)"
SURVEY-UNAUDITED,"Four parallel literature-survey agents (CMB/LSS, dwarf galaxies, reviews, Lyman-alpha)",,all,no_bound_found,,,,,unverified,,,,agent reports 2026-10-08; only the rows above were audited by me against the sources,Agents reported no further published mixed-fraction (f<1) bound at m > 1e-21 eV beyond those above; their individual quotes were not all audited and nothing from them is applied to any count.
